<?xml version="1.0" encoding="UTF-8" ?>
<Actors>
<Actor>
  <id>327001</id>
  <Image>actors/327001.jpg</Image>
  <Name>Antony Starr</Name>
  <Role>Lucas Hood</Role>
  <SortOrder>0</SortOrder>
</Actor>
<Actor>
  <id>303296</id>
  <Image>actors/303296.jpg</Image>
  <Name>Ivana Milicevic</Name>
  <Role>Carrie Hopewell</Role>
  <SortOrder>1</SortOrder>
</Actor>
<Actor>
  <id>327004</id>
  <Image>actors/327004.jpg</Image>
  <Name>Frankie Faison</Name>
  <Role>Sugar Bates</Role>
  <SortOrder>2</SortOrder>
</Actor>
<Actor>
  <id>345933</id>
  <Image>actors/345933.jpg</Image>
  <Name>Geno Segers</Name>
  <Role>Chayton LittleStone</Role>
  <SortOrder>3</SortOrder>
</Actor>
<Actor>
  <id>340615</id>
  <Image>actors/340615.jpg</Image>
  <Name>Odette Annable</Name>
  <Role>Nola Longshadow</Role>
  <SortOrder>3</SortOrder>
</Actor>
<Actor>
  <id>333023</id>
  <Image>actors/333023.jpg</Image>
  <Name>Zeljko Ivanek</Name>
  <Role>Racine</Role>
  <SortOrder>3</SortOrder>
</Actor>
<Actor>
  <id>327011</id>
  <Image>actors/327011.jpg</Image>
  <Name>Ulrich Thomsen</Name>
  <Role>Kai Proctor</Role>
  <SortOrder>3</SortOrder>
</Actor>
<Actor>
  <id>327010</id>
  <Image>actors/327010.jpg</Image>
  <Name>Demetrius Grosse</Name>
  <Role>Emmett Yawners</Role>
  <SortOrder>3</SortOrder>
</Actor>
<Actor>
  <id>327008</id>
  <Image>actors/327008.jpg</Image>
  <Name>Hoon Lee</Name>
  <Role>Job</Role>
  <SortOrder>3</SortOrder>
</Actor>
<Actor>
  <id>327007</id>
  <Image>actors/327007.jpg</Image>
  <Name>Trieste Kelly Dunn</Name>
  <Role>Siobhan Kelly</Role>
  <SortOrder>3</SortOrder>
</Actor>
<Actor>
  <id>327006</id>
  <Image>actors/327006.jpg</Image>
  <Name>Ryann Shane</Name>
  <Role>Deva Hopewell</Role>
  <SortOrder>3</SortOrder>
</Actor>
<Actor>
  <id>327005</id>
  <Image>actors/327005.jpg</Image>
  <Name>Matthew Rauch</Name>
  <Role>Clay Burton</Role>
  <SortOrder>3</SortOrder>
</Actor>
<Actor>
  <id>327003</id>
  <Image>actors/327003.jpg</Image>
  <Name>Ben Cross</Name>
  <Role>Mr. Rabbit</Role>
  <SortOrder>3</SortOrder>
</Actor>
<Actor>
  <id>326999</id>
  <Image>actors/326999.jpg</Image>
  <Name>Lili Simmons</Name>
  <Role>Rebecca Bowman</Role>
  <SortOrder>3</SortOrder>
</Actor>
<Actor>
  <id>311170</id>
  <Image>actors/311170.jpg</Image>
  <Name>Christos Vasilopoulos</Name>
  <Role>Olek</Role>
  <SortOrder>3</SortOrder>
</Actor>
<Actor>
  <id>311169</id>
  <Image>actors/311169.jpg</Image>
  <Name>Gabriel Suttle</Name>
  <Role>Max Hopewell</Role>
  <SortOrder>3</SortOrder>
</Actor>
<Actor>
  <id>311167</id>
  <Image>actors/311167.jpg</Image>
  <Name>Daniel Ross Owens</Name>
  <Role>Mayor Dan Kendall</Role>
  <SortOrder>3</SortOrder>
</Actor>
<Actor>
  <id>309499</id>
  <Image>actors/309499.jpg</Image>
  <Name>Matt Servitto</Name>
  <Role>Brock Lotus</Role>
  <SortOrder>3</SortOrder>
</Actor>
<Actor>
  <id>303297</id>
  <Image>actors/303297.jpg</Image>
  <Name>Rus Blackwell</Name>
  <Role>Gordon Hopewell</Role>
  <SortOrder>3</SortOrder>
</Actor>
</Actors>