<?xml version="1.0" encoding="UTF-8" ?>
<Banners>
<Banner>
  <id>995359</id>
  <BannerPath>fanart/original/259765-12.jpg</BannerPath>
  <BannerType>fanart</BannerType>
  <BannerType2>1920x1080</BannerType2>
  <Colors></Colors>
  <Language>en</Language>
  <Rating>7.8462</Rating>
  <RatingCount>13</RatingCount>
  <SeriesName>false</SeriesName>
  <ThumbnailPath>_cache/fanart/original/259765-12.jpg</ThumbnailPath>
  <VignettePath>fanart/vignette/259765-12.jpg</VignettePath>
</Banner>
<Banner>
  <id>1022248</id>
  <BannerPath>fanart/original/259765-7.jpg</BannerPath>
  <BannerType>fanart</BannerType>
  <BannerType2>1280x720</BannerType2>
  <Colors></Colors>
  <Language>en</Language>
  <Rating>7.0000</Rating>
  <RatingCount>1</RatingCount>
  <SeriesName>true</SeriesName>
  <ThumbnailPath>_cache/fanart/original/259765-7.jpg</ThumbnailPath>
  <VignettePath>fanart/vignette/259765-7.jpg</VignettePath>
</Banner>
<Banner>
  <id>941546</id>
  <BannerPath>fanart/original/259765-5.jpg</BannerPath>
  <BannerType>fanart</BannerType>
  <BannerType2>1280x720</BannerType2>
  <Colors></Colors>
  <Language>en</Language>
  <Rating>6.5714</Rating>
  <RatingCount>7</RatingCount>
  <SeriesName>false</SeriesName>
  <ThumbnailPath>_cache/fanart/original/259765-5.jpg</ThumbnailPath>
  <VignettePath>fanart/vignette/259765-5.jpg</VignettePath>
</Banner>
<Banner>
  <id>941545</id>
  <BannerPath>fanart/original/259765-4.jpg</BannerPath>
  <BannerType>fanart</BannerType>
  <BannerType2>1280x720</BannerType2>
  <Colors></Colors>
  <Language>en</Language>
  <Rating>6.5455</Rating>
  <RatingCount>11</RatingCount>
  <SeriesName>false</SeriesName>
  <ThumbnailPath>_cache/fanart/original/259765-4.jpg</ThumbnailPath>
  <VignettePath>fanart/vignette/259765-4.jpg</VignettePath>
</Banner>
<Banner>
  <id>994774</id>
  <BannerPath>fanart/original/259765-16.jpg</BannerPath>
  <BannerType>fanart</BannerType>
  <BannerType2>1280x720</BannerType2>
  <Colors>|59,46,30|167,145,132|68,52,36|</Colors>
  <Language>en</Language>
  <Rating>6.2857</Rating>
  <RatingCount>7</RatingCount>
  <SeriesName>false</SeriesName>
  <ThumbnailPath>_cache/fanart/original/259765-16.jpg</ThumbnailPath>
  <VignettePath>fanart/vignette/259765-16.jpg</VignettePath>
</Banner>
<Banner>
  <id>939687</id>
  <BannerPath>fanart/original/259765-3.jpg</BannerPath>
  <BannerType>fanart</BannerType>
  <BannerType2>1280x720</BannerType2>
  <Colors>|120,15,20|16,16,16|100,112,126|</Colors>
  <Language>en</Language>
  <Rating>5.8000</Rating>
  <RatingCount>10</RatingCount>
  <SeriesName>true</SeriesName>
  <ThumbnailPath>_cache/fanart/original/259765-3.jpg</ThumbnailPath>
  <VignettePath>fanart/vignette/259765-3.jpg</VignettePath>
</Banner>
<Banner>
  <id>1053596</id>
  <BannerPath>fanart/original/259765-9.jpg</BannerPath>
  <BannerType>fanart</BannerType>
  <BannerType2>1280x720</BannerType2>
  <Colors></Colors>
  <Language>en</Language>
  <Rating>5.3333</Rating>
  <RatingCount>3</RatingCount>
  <SeriesName>false</SeriesName>
  <ThumbnailPath>_cache/fanart/original/259765-9.jpg</ThumbnailPath>
  <VignettePath>fanart/vignette/259765-9.jpg</VignettePath>
</Banner>
<Banner>
  <id>949135</id>
  <BannerPath>fanart/original/259765-6.jpg</BannerPath>
  <BannerType>fanart</BannerType>
  <BannerType2>1920x1080</BannerType2>
  <Colors></Colors>
  <Language>fr</Language>
  <Rating>5.3333</Rating>
  <RatingCount>6</RatingCount>
  <SeriesName>false</SeriesName>
  <ThumbnailPath>_cache/fanart/original/259765-6.jpg</ThumbnailPath>
  <VignettePath>fanart/vignette/259765-6.jpg</VignettePath>
</Banner>
<Banner>
  <id>1053598</id>
  <BannerPath>fanart/original/259765-17.jpg</BannerPath>
  <BannerType>fanart</BannerType>
  <BannerType2>1920x1080</BannerType2>
  <Colors></Colors>
  <Language>en</Language>
  <Rating>5.0000</Rating>
  <RatingCount>2</RatingCount>
  <SeriesName>false</SeriesName>
  <ThumbnailPath>_cache/fanart/original/259765-17.jpg</ThumbnailPath>
  <VignettePath>fanart/vignette/259765-17.jpg</VignettePath>
</Banner>
<Banner>
  <id>1053600</id>
  <BannerPath>fanart/original/259765-19.jpg</BannerPath>
  <BannerType>fanart</BannerType>
  <BannerType2>1920x1080</BannerType2>
  <Colors></Colors>
  <Language>en</Language>
  <Rating>5.0000</Rating>
  <RatingCount>2</RatingCount>
  <SeriesName>false</SeriesName>
  <ThumbnailPath>_cache/fanart/original/259765-19.jpg</ThumbnailPath>
  <VignettePath>fanart/vignette/259765-19.jpg</VignettePath>
</Banner>
<Banner>
  <id>1053599</id>
  <BannerPath>fanart/original/259765-18.jpg</BannerPath>
  <BannerType>fanart</BannerType>
  <BannerType2>1280x720</BannerType2>
  <Colors></Colors>
  <Language>en</Language>
  <Rating>5.0000</Rating>
  <RatingCount>2</RatingCount>
  <SeriesName>false</SeriesName>
  <ThumbnailPath>_cache/fanart/original/259765-18.jpg</ThumbnailPath>
  <VignettePath>fanart/vignette/259765-18.jpg</VignettePath>
</Banner>
<Banner>
  <id>999293</id>
  <BannerPath>fanart/original/259765-14.jpg</BannerPath>
  <BannerType>fanart</BannerType>
  <BannerType2>1920x1080</BannerType2>
  <Colors></Colors>
  <Language>en</Language>
  <Rating>5.0000</Rating>
  <RatingCount>2</RatingCount>
  <SeriesName>false</SeriesName>
  <ThumbnailPath>_cache/fanart/original/259765-14.jpg</ThumbnailPath>
  <VignettePath>fanart/vignette/259765-14.jpg</VignettePath>
</Banner>
<Banner>
  <id>933860</id>
  <BannerPath>fanart/original/259765-2.jpg</BannerPath>
  <BannerType>fanart</BannerType>
  <BannerType2>1920x1080</BannerType2>
  <Colors>|166,180,206|29,30,32|95,93,94|</Colors>
  <Language>en</Language>
  <Rating>5.0000</Rating>
  <RatingCount>11</RatingCount>
  <SeriesName>true</SeriesName>
  <ThumbnailPath>_cache/fanart/original/259765-2.jpg</ThumbnailPath>
  <VignettePath>fanart/vignette/259765-2.jpg</VignettePath>
</Banner>
<Banner>
  <id>994772</id>
  <BannerPath>fanart/original/259765-15.jpg</BannerPath>
  <BannerType>fanart</BannerType>
  <BannerType2>1280x720</BannerType2>
  <Colors></Colors>
  <Language>en</Language>
  <Rating>5.0000</Rating>
  <RatingCount>3</RatingCount>
  <SeriesName>false</SeriesName>
  <ThumbnailPath>_cache/fanart/original/259765-15.jpg</ThumbnailPath>
  <VignettePath>fanart/vignette/259765-15.jpg</VignettePath>
</Banner>
<Banner>
  <id>994768</id>
  <BannerPath>fanart/original/259765-11.jpg</BannerPath>
  <BannerType>fanart</BannerType>
  <BannerType2>1280x720</BannerType2>
  <Colors></Colors>
  <Language>en</Language>
  <Rating>5.0000</Rating>
  <RatingCount>3</RatingCount>
  <SeriesName>false</SeriesName>
  <ThumbnailPath>_cache/fanart/original/259765-11.jpg</ThumbnailPath>
  <VignettePath>fanart/vignette/259765-11.jpg</VignettePath>
</Banner>
<Banner>
  <id>994770</id>
  <BannerPath>fanart/original/259765-13.jpg</BannerPath>
  <BannerType>fanart</BannerType>
  <BannerType2>1280x720</BannerType2>
  <Colors></Colors>
  <Language>en</Language>
  <Rating>5.0000</Rating>
  <RatingCount>3</RatingCount>
  <SeriesName>false</SeriesName>
  <ThumbnailPath>_cache/fanart/original/259765-13.jpg</ThumbnailPath>
  <VignettePath>fanart/vignette/259765-13.jpg</VignettePath>
</Banner>
<Banner>
  <id>1051243</id>
  <BannerPath>fanart/original/259765-8.jpg</BannerPath>
  <BannerType>fanart</BannerType>
  <BannerType2>1280x720</BannerType2>
  <Colors></Colors>
  <Language>en</Language>
  <Rating>4.0000</Rating>
  <RatingCount>3</RatingCount>
  <SeriesName>true</SeriesName>
  <ThumbnailPath>_cache/fanart/original/259765-8.jpg</ThumbnailPath>
  <VignettePath>fanart/vignette/259765-8.jpg</VignettePath>
</Banner>
<Banner>
  <id>1053597</id>
  <BannerPath>fanart/original/259765-10.jpg</BannerPath>
  <BannerType>fanart</BannerType>
  <BannerType2>1280x720</BannerType2>
  <Colors></Colors>
  <Language>en</Language>
  <Rating>3.6667</Rating>
  <RatingCount>3</RatingCount>
  <SeriesName>false</SeriesName>
  <ThumbnailPath>_cache/fanart/original/259765-10.jpg</ThumbnailPath>
  <VignettePath>fanart/vignette/259765-10.jpg</VignettePath>
</Banner>
<Banner>
  <id>933857</id>
  <BannerPath>fanart/original/259765-1.jpg</BannerPath>
  <BannerType>fanart</BannerType>
  <BannerType2>1920x1080</BannerType2>
  <Colors>|0,0,0|0,0,0|0,0,0|</Colors>
  <Language>en</Language>
  <Rating>3.5000</Rating>
  <RatingCount>6</RatingCount>
  <SeriesName>true</SeriesName>
  <ThumbnailPath>_cache/fanart/original/259765-1.jpg</ThumbnailPath>
  <VignettePath>fanart/vignette/259765-1.jpg</VignettePath>
</Banner>
<Banner>
  <id>994896</id>
  <BannerPath>posters/259765-8.jpg</BannerPath>
  <BannerType>poster</BannerType>
  <BannerType2>680x1000</BannerType2>
  <Language>en</Language>
  <Rating>6.8500</Rating>
  <RatingCount>20</RatingCount>
</Banner>
<Banner>
  <id>1043357</id>
  <BannerPath>posters/259765-7.jpg</BannerPath>
  <BannerType>poster</BannerType>
  <BannerType2>680x1000</BannerType2>
  <Language>en</Language>
  <Rating>6.4444</Rating>
  <RatingCount>9</RatingCount>
</Banner>
<Banner>
  <id>1000577</id>
  <BannerPath>posters/259765-9.jpg</BannerPath>
  <BannerType>poster</BannerType>
  <BannerType2>680x1000</BannerType2>
  <Language>en</Language>
  <Rating>5.9500</Rating>
  <RatingCount>20</RatingCount>
</Banner>
<Banner>
  <id>941396</id>
  <BannerPath>posters/259765-3.jpg</BannerPath>
  <BannerType>poster</BannerType>
  <BannerType2>680x1000</BannerType2>
  <Language>en</Language>
  <Rating>5.9091</Rating>
  <RatingCount>22</RatingCount>
</Banner>
<Banner>
  <id>1023017</id>
  <BannerPath>posters/259765-5.jpg</BannerPath>
  <BannerType>poster</BannerType>
  <BannerType2>680x1000</BannerType2>
  <Language>en</Language>
  <Rating>4.2500</Rating>
  <RatingCount>8</RatingCount>
</Banner>
<Banner>
  <id>994779</id>
  <BannerPath>posters/259765-2.jpg</BannerPath>
  <BannerType>poster</BannerType>
  <BannerType2>680x1000</BannerType2>
  <Language>en</Language>
  <Rating>4.1333</Rating>
  <RatingCount>15</RatingCount>
</Banner>
<Banner>
  <id>1053595</id>
  <BannerPath>posters/259765-10.jpg</BannerPath>
  <BannerType>poster</BannerType>
  <BannerType2>680x1000</BannerType2>
  <Language>en</Language>
  <Rating>4.0000</Rating>
  <RatingCount>3</RatingCount>
</Banner>
<Banner>
  <id>1023016</id>
  <BannerPath>posters/259765-1.jpg</BannerPath>
  <BannerType>poster</BannerType>
  <BannerType2>680x1000</BannerType2>
  <Language>ru</Language>
  <Rating>3.1250</Rating>
  <RatingCount>8</RatingCount>
</Banner>
<Banner>
  <id>985912</id>
  <BannerPath>posters/259765-4.jpg</BannerPath>
  <BannerType>poster</BannerType>
  <BannerType2>680x1000</BannerType2>
  <Language>en</Language>
  <Rating>2.7500</Rating>
  <RatingCount>12</RatingCount>
</Banner>
<Banner>
  <id>1054805</id>
  <BannerPath>posters/259765-11.jpg</BannerPath>
  <BannerType>poster</BannerType>
  <BannerType2>680x1000</BannerType2>
  <Language>ru</Language>
  <Rating></Rating>
  <RatingCount>0</RatingCount>
</Banner>
<Banner>
  <id>1054808</id>
  <BannerPath>posters/259765-12.jpg</BannerPath>
  <BannerType>poster</BannerType>
  <BannerType2>680x1000</BannerType2>
  <Language>ru</Language>
  <Rating></Rating>
  <RatingCount>0</RatingCount>
</Banner>
<Banner>
  <id>957501</id>
  <BannerPath>seasons/259765-1-2.jpg</BannerPath>
  <BannerType>season</BannerType>
  <BannerType2>season</BannerType2>
  <Language>en</Language>
  <Rating>10.0000</Rating>
  <RatingCount>3</RatingCount>
  <Season>1</Season>
</Banner>
<Banner>
  <id>1002087</id>
  <BannerPath>seasons/259765-0.jpg</BannerPath>
  <BannerType>season</BannerType>
  <BannerType2>season</BannerType2>
  <Language>en</Language>
  <Rating>10.0000</Rating>
  <RatingCount>1</RatingCount>
  <Season>0</Season>
</Banner>
<Banner>
  <id>1058545</id>
  <BannerPath>seasons/259765-3-2.jpg</BannerPath>
  <BannerType>season</BannerType>
  <BannerType2>season</BannerType2>
  <Language>en</Language>
  <Rating>8.0000</Rating>
  <RatingCount>1</RatingCount>
  <Season>3</Season>
</Banner>
<Banner>
  <id>985703</id>
  <BannerPath>seasons/259765-2-2.jpg</BannerPath>
  <BannerType>season</BannerType>
  <BannerType2>season</BannerType2>
  <Language>en</Language>
  <Rating>6.4000</Rating>
  <RatingCount>5</RatingCount>
  <Season>2</Season>
</Banner>
<Banner>
  <id>1025545</id>
  <BannerPath>seasons/259765-2-4.jpg</BannerPath>
  <BannerType>season</BannerType>
  <BannerType2>season</BannerType2>
  <Language>en</Language>
  <Rating>5.5000</Rating>
  <RatingCount>4</RatingCount>
  <Season>2</Season>
</Banner>
<Banner>
  <id>939750</id>
  <BannerPath>seasons/259765-1.jpg</BannerPath>
  <BannerType>season</BannerType>
  <BannerType2>season</BannerType2>
  <Language>en</Language>
  <Rating>5.2500</Rating>
  <RatingCount>4</RatingCount>
  <Season>1</Season>
</Banner>
<Banner>
  <id>994778</id>
  <BannerPath>seasons/259765-2.jpg</BannerPath>
  <BannerType>season</BannerType>
  <BannerType2>season</BannerType2>
  <Language>en</Language>
  <Rating>4.0000</Rating>
  <RatingCount>3</RatingCount>
  <Season>2</Season>
</Banner>
<Banner>
  <id>994777</id>
  <BannerPath>seasons/259765-1-3.jpg</BannerPath>
  <BannerType>season</BannerType>
  <BannerType2>season</BannerType2>
  <Language>en</Language>
  <Rating>4.0000</Rating>
  <RatingCount>3</RatingCount>
  <Season>1</Season>
</Banner>
<Banner>
  <id>999945</id>
  <BannerPath>seasons/259765-2-3.jpg</BannerPath>
  <BannerType>season</BannerType>
  <BannerType2>season</BannerType2>
  <Language>hu</Language>
  <Rating>4.0000</Rating>
  <RatingCount>3</RatingCount>
  <Season>2</Season>
</Banner>
<Banner>
  <id>1025544</id>
  <BannerPath>seasons/259765-1-5.jpg</BannerPath>
  <BannerType>season</BannerType>
  <BannerType2>season</BannerType2>
  <Language>en</Language>
  <Rating>4.0000</Rating>
  <RatingCount>3</RatingCount>
  <Season>1</Season>
</Banner>
<Banner>
  <id>995518</id>
  <BannerPath>seasons/259765-1-4.jpg</BannerPath>
  <BannerType>season</BannerType>
  <BannerType2>season</BannerType2>
  <Language>hu</Language>
  <Rating>3.2500</Rating>
  <RatingCount>4</RatingCount>
  <Season>1</Season>
</Banner>
<Banner>
  <id>1011723</id>
  <BannerPath>seasonswide/259765-1.jpg</BannerPath>
  <BannerType>season</BannerType>
  <BannerType2>seasonwide</BannerType2>
  <Language>fr</Language>
  <Rating></Rating>
  <RatingCount>0</RatingCount>
  <Season>1</Season>
</Banner>
<Banner>
  <id>1011714</id>
  <BannerPath>seasonswide/259765-2.jpg</BannerPath>
  <BannerType>season</BannerType>
  <BannerType2>seasonwide</BannerType2>
  <Language>fr</Language>
  <Rating></Rating>
  <RatingCount>0</RatingCount>
  <Season>2</Season>
</Banner>
<Banner>
  <id>939736</id>
  <BannerPath>graphical/259765-g2.jpg</BannerPath>
  <BannerType>series</BannerType>
  <BannerType2>graphical</BannerType2>
  <Language>en</Language>
  <Rating>8.3750</Rating>
  <RatingCount>8</RatingCount>
</Banner>
<Banner>
  <id>945190</id>
  <BannerPath>graphical/259765-g3.jpg</BannerPath>
  <BannerType>series</BannerType>
  <BannerType2>graphical</BannerType2>
  <Language>en</Language>
  <Rating>7.6000</Rating>
  <RatingCount>5</RatingCount>
</Banner>
<Banner>
  <id>939964</id>
  <BannerPath>graphical/259765-g4.jpg</BannerPath>
  <BannerType>series</BannerType>
  <BannerType2>graphical</BannerType2>
  <Language>en</Language>
  <Rating>5.7500</Rating>
  <RatingCount>4</RatingCount>
</Banner>
<Banner>
  <id>994526</id>
  <BannerPath>graphical/259765-g5.jpg</BannerPath>
  <BannerType>series</BannerType>
  <BannerType2>graphical</BannerType2>
  <Language>en</Language>
  <Rating>5.0000</Rating>
  <RatingCount>4</RatingCount>
</Banner>
<Banner>
  <id>935761</id>
  <BannerPath>graphical/259765-g.jpg</BannerPath>
  <BannerType>series</BannerType>
  <BannerType2>graphical</BannerType2>
  <Language>en</Language>
  <Rating>4.6000</Rating>
  <RatingCount>5</RatingCount>
</Banner>
</Banners>