<?xml version="1.0" encoding="UTF-8" ?>
<Data><Series>
  <id>259765</id>
  <Actors>|Antony Starr|Ivana Milicevic|Frankie Faison|Geno Segers|Odette Annable|Zeljko Ivanek|Ulrich Thomsen|Demetrius Grosse|Hoon Lee|Trieste Kelly Dunn|Ryann Shane|Matthew Rauch|Ben Cross|Lili Simmons|Christos Vasilopoulos|Gabriel Suttle|Daniel Ross Owens|Matt Servitto|Rus Blackwell|</Actors>
  <Airs_DayOfWeek>Friday</Airs_DayOfWeek>
  <Airs_Time>10:00 PM</Airs_Time>
  <ContentRating>TV-MA</ContentRating>
  <FirstAired>2013-01-11</FirstAired>
  <Genre>|Action|Adventure|Crime|Drama|</Genre>
  <IMDB_ID>tt2017109</IMDB_ID>
  <Language>en</Language>
  <Network>Cinemax</Network>
  <NetworkID></NetworkID>
  <Overview>An unnamed ex-convict assumes the identity of Lucas Hood the sheriff of Banshee, Pennsylvania, where he, behind a badge, continues his criminal activities, even as he’s hunted by the shadowy gangsters he betrayed years earlier.</Overview>
  <Rating>8.4</Rating>
  <RatingCount>77</RatingCount>
  <Runtime>50</Runtime>
  <SeriesID>81838</SeriesID>
  <SeriesName>Banshee</SeriesName>
  <Status>Continuing</Status>
  <added>2012-06-07 22:10:42</added>
  <addedBy>336361</addedBy>
  <banner>graphical/259765-g2.jpg</banner>
  <fanart>fanart/original/259765-12.jpg</fanart>
  <lastupdated>1428933139</lastupdated>
  <poster>posters/259765-8.jpg</poster>
  <tms_wanted_old>1</tms_wanted_old>
  <zap2it_id>EP01564099</zap2it_id>
</Series>
<Episode>
  <id>4655045</id>
  <Combined_episodenumber>1</Combined_episodenumber>
  <Combined_season>0</Combined_season>
  <DVD_chapter></DVD_chapter>
  <DVD_discid></DVD_discid>
  <DVD_episodenumber></DVD_episodenumber>
  <DVD_season></DVD_season>
  <Director>Greg Yaitanes</Director>
  <EpImgFlag>2</EpImgFlag>
  <EpisodeName>Origins: Olek Drops a Dime</EpisodeName>
  <EpisodeNumber>1</EpisodeNumber>
  <FirstAired>2013-01-22</FirstAired>
  <GuestStars>|Christos Vasilopoulos|Joseph Gatt|</GuestStars>
  <IMDB_ID></IMDB_ID>
  <Language>en</Language>
  <Overview>Fifteen years ago.</Overview>
  <ProductionCode></ProductionCode>
  <Rating>7.0</Rating>
  <RatingCount>1</RatingCount>
  <SeasonNumber>0</SeasonNumber>
  <Writer>|David Schickler|Jonathan Tropper|</Writer>
  <absolute_number></absolute_number>
  <airsafter_season></airsafter_season>
  <airsbefore_episode>1</airsbefore_episode>
  <airsbefore_season>1</airsbefore_season>
  <filename>episodes/259765/4655045.jpg</filename>
  <lastupdated>1426445306</lastupdated>
  <seasonid>494169</seasonid>
  <seriesid>259765</seriesid>
  <thumb_added>2013-12-15 11:34:38</thumb_added>
  <thumb_height>225</thumb_height>
  <thumb_width>400</thumb_width>
</Episode>
<Episode>
  <id>4655046</id>
  <Combined_episodenumber>2</Combined_episodenumber>
  <Combined_season>0</Combined_season>
  <DVD_chapter></DVD_chapter>
  <DVD_discid></DVD_discid>
  <DVD_episodenumber></DVD_episodenumber>
  <DVD_season></DVD_season>
  <Director>Miguel Sapochnik</Director>
  <EpImgFlag>2</EpImgFlag>
  <EpisodeName>Origins: A Thief, Not A Killer</EpisodeName>
  <EpisodeNumber>2</EpisodeNumber>
  <FirstAired>2013-01-23</FirstAired>
  <GuestStars>|Antony Starr|Anastasia Griffith|</GuestStars>
  <IMDB_ID></IMDB_ID>
  <Language>en</Language>
  <Overview>Fifteen years ago.</Overview>
  <ProductionCode></ProductionCode>
  <Rating>7.0</Rating>
  <RatingCount>1</RatingCount>
  <SeasonNumber>0</SeasonNumber>
  <Writer>|David Schickler|Jonathan Tropper|</Writer>
  <absolute_number></absolute_number>
  <airsafter_season></airsafter_season>
  <airsbefore_episode>1</airsbefore_episode>
  <airsbefore_season>1</airsbefore_season>
  <filename>episodes/259765/4655046.jpg</filename>
  <lastupdated>1426445300</lastupdated>
  <seasonid>494169</seasonid>
  <seriesid>259765</seriesid>
  <thumb_added>2013-12-15 11:40:30</thumb_added>
  <thumb_height>225</thumb_height>
  <thumb_width>400</thumb_width>
</Episode>
<Episode>
  <id>4655047</id>
  <Combined_episodenumber>3</Combined_episodenumber>
  <Combined_season>0</Combined_season>
  <DVD_chapter></DVD_chapter>
  <DVD_discid></DVD_discid>
  <DVD_episodenumber></DVD_episodenumber>
  <DVD_season></DVD_season>
  <Director>Miguel Sapochnik</Director>
  <EpImgFlag>2</EpImgFlag>
  <EpisodeName>Origins: Carrie at the Gate</EpisodeName>
  <EpisodeNumber>3</EpisodeNumber>
  <FirstAired>2013-01-31</FirstAired>
  <GuestStars>|Ivana Milicevic|Ben Cross|</GuestStars>
  <IMDB_ID></IMDB_ID>
  <Language>en</Language>
  <Overview>Fourteen years ago.</Overview>
  <ProductionCode></ProductionCode>
  <Rating></Rating>
  <RatingCount>0</RatingCount>
  <SeasonNumber>0</SeasonNumber>
  <Writer>|David Schickler|Jonathan Tropper|</Writer>
  <absolute_number></absolute_number>
  <airsafter_season></airsafter_season>
  <airsbefore_episode>1</airsbefore_episode>
  <airsbefore_season>1</airsbefore_season>
  <filename>episodes/259765/4655047.jpg</filename>
  <lastupdated>1426445293</lastupdated>
  <seasonid>494169</seasonid>
  <seriesid>259765</seriesid>
  <thumb_added>2013-12-15 11:45:53</thumb_added>
  <thumb_height>225</thumb_height>
  <thumb_width>400</thumb_width>
</Episode>
<Episode>
  <id>4655048</id>
  <Combined_episodenumber>4</Combined_episodenumber>
  <Combined_season>0</Combined_season>
  <DVD_chapter></DVD_chapter>
  <DVD_discid></DVD_discid>
  <DVD_episodenumber></DVD_episodenumber>
  <DVD_season></DVD_season>
  <Director>Greg Yaitanes</Director>
  <EpImgFlag>2</EpImgFlag>
  <EpisodeName>Origins: Looking For My Exit</EpisodeName>
  <EpisodeNumber>4</EpisodeNumber>
  <FirstAired>2014-01-30</FirstAired>
  <GuestStars>|Ivana Milicevic|Rus Blackwell|</GuestStars>
  <IMDB_ID></IMDB_ID>
  <Language>en</Language>
  <Overview>Eleven years ago.</Overview>
  <ProductionCode></ProductionCode>
  <Rating></Rating>
  <RatingCount>0</RatingCount>
  <SeasonNumber>0</SeasonNumber>
  <Writer>|David Schickler|Jonathan Tropper|</Writer>
  <absolute_number></absolute_number>
  <airsafter_season></airsafter_season>
  <airsbefore_episode>1</airsbefore_episode>
  <airsbefore_season>1</airsbefore_season>
  <filename>episodes/259765/4655048.jpg</filename>
  <lastupdated>1426445287</lastupdated>
  <seasonid>494169</seasonid>
  <seriesid>259765</seriesid>
  <thumb_added>2013-12-15 11:48:31</thumb_added>
  <thumb_height>225</thumb_height>
  <thumb_width>400</thumb_width>
</Episode>
<Episode>
  <id>4655049</id>
  <Combined_episodenumber>5</Combined_episodenumber>
  <Combined_season>0</Combined_season>
  <DVD_chapter></DVD_chapter>
  <DVD_discid></DVD_discid>
  <DVD_episodenumber></DVD_episodenumber>
  <DVD_season></DVD_season>
  <Director>Greg Yaitanes</Director>
  <EpImgFlag>2</EpImgFlag>
  <EpisodeName>Origins: Sugar's Release</EpisodeName>
  <EpisodeNumber>5</EpisodeNumber>
  <FirstAired>2014-01-29</FirstAired>
  <GuestStars>|Ulrich Thomsen|Frankie Faison|</GuestStars>
  <IMDB_ID></IMDB_ID>
  <Language>en</Language>
  <Overview>Ten years ago.</Overview>
  <ProductionCode></ProductionCode>
  <Rating></Rating>
  <RatingCount>0</RatingCount>
  <SeasonNumber>0</SeasonNumber>
  <Writer>|David Schickler|Jonathan Tropper|</Writer>
  <absolute_number></absolute_number>
  <airsafter_season></airsafter_season>
  <airsbefore_episode>1</airsbefore_episode>
  <airsbefore_season>1</airsbefore_season>
  <filename>episodes/259765/4655049.jpg</filename>
  <lastupdated>1426445281</lastupdated>
  <seasonid>494169</seasonid>
  <seriesid>259765</seriesid>
  <thumb_added>2013-12-15 11:52:10</thumb_added>
  <thumb_height>225</thumb_height>
  <thumb_width>400</thumb_width>
</Episode>
<Episode>
  <id>4655050</id>
  <Combined_episodenumber>6</Combined_episodenumber>
  <Combined_season>0</Combined_season>
  <DVD_chapter></DVD_chapter>
  <DVD_discid></DVD_discid>
  <DVD_episodenumber></DVD_episodenumber>
  <DVD_season></DVD_season>
  <Director>Greg Yaitanes</Director>
  <EpImgFlag>2</EpImgFlag>
  <EpisodeName>Origins: The Forge</EpisodeName>
  <EpisodeNumber>6</EpisodeNumber>
  <FirstAired>2014-01-30</FirstAired>
  <GuestStars>|Ulrich Thomsen|Frankie Faison|</GuestStars>
  <IMDB_ID></IMDB_ID>
  <Language>en</Language>
  <Overview>Ten years ago.</Overview>
  <ProductionCode></ProductionCode>
  <Rating></Rating>
  <RatingCount>0</RatingCount>
  <SeasonNumber>0</SeasonNumber>
  <Writer>|David Schickler|Jonathan Tropper|</Writer>
  <absolute_number></absolute_number>
  <airsafter_season></airsafter_season>
  <airsbefore_episode>1</airsbefore_episode>
  <airsbefore_season>1</airsbefore_season>
  <filename>episodes/259765/4655050.jpg</filename>
  <lastupdated>1426445275</lastupdated>
  <seasonid>494169</seasonid>
  <seriesid>259765</seriesid>
  <thumb_added>2013-12-15 11:54:19</thumb_added>
  <thumb_height>225</thumb_height>
  <thumb_width>400</thumb_width>
</Episode>
<Episode>
  <id>4655051</id>
  <Combined_episodenumber>7</Combined_episodenumber>
  <Combined_season>0</Combined_season>
  <DVD_chapter></DVD_chapter>
  <DVD_discid></DVD_discid>
  <DVD_episodenumber></DVD_episodenumber>
  <DVD_season></DVD_season>
  <Director>Greg Yaitanes</Director>
  <EpImgFlag>2</EpImgFlag>
  <EpisodeName>Origins: Siobhan Interrupted</EpisodeName>
  <EpisodeNumber>7</EpisodeNumber>
  <FirstAired>2014-01-17</FirstAired>
  <GuestStars>|Demetrius Grosse|Trieste Kelly Dunn|</GuestStars>
  <IMDB_ID></IMDB_ID>
  <Language>en</Language>
  <Overview>Five years ago.</Overview>
  <ProductionCode></ProductionCode>
  <Rating></Rating>
  <RatingCount>0</RatingCount>
  <SeasonNumber>0</SeasonNumber>
  <Writer>|David Schickler|Jonathan Tropper|</Writer>
  <absolute_number></absolute_number>
  <airsafter_season></airsafter_season>
  <airsbefore_episode>1</airsbefore_episode>
  <airsbefore_season>1</airsbefore_season>
  <filename>episodes/259765/4655051.jpg</filename>
  <lastupdated>1426445269</lastupdated>
  <seasonid>494169</seasonid>
  <seriesid>259765</seriesid>
  <thumb_added>2013-12-15 11:56:45</thumb_added>
  <thumb_height>225</thumb_height>
  <thumb_width>400</thumb_width>
</Episode>
<Episode>
  <id>4655052</id>
  <Combined_episodenumber>8</Combined_episodenumber>
  <Combined_season>0</Combined_season>
  <DVD_chapter></DVD_chapter>
  <DVD_discid></DVD_discid>
  <DVD_episodenumber></DVD_episodenumber>
  <DVD_season></DVD_season>
  <Director>Greg Yaitanes</Director>
  <EpImgFlag>2</EpImgFlag>
  <EpisodeName>Origins: Kings and Pawns</EpisodeName>
  <EpisodeNumber>8</EpisodeNumber>
  <FirstAired>2014-01-29</FirstAired>
  <GuestStars>|Ben Cross|Christos Vasilopoulos|</GuestStars>
  <IMDB_ID></IMDB_ID>
  <Language>en</Language>
  <Overview>Five years ago.</Overview>
  <ProductionCode></ProductionCode>
  <Rating></Rating>
  <RatingCount>0</RatingCount>
  <SeasonNumber>0</SeasonNumber>
  <Writer>|David Schickler|Jonathan Tropper|</Writer>
  <absolute_number></absolute_number>
  <airsafter_season></airsafter_season>
  <airsbefore_episode>1</airsbefore_episode>
  <airsbefore_season>1</airsbefore_season>
  <filename>episodes/259765/4655052.jpg</filename>
  <lastupdated>1426445265</lastupdated>
  <seasonid>494169</seasonid>
  <seriesid>259765</seriesid>
  <thumb_added>2013-12-15 11:58:38</thumb_added>
  <thumb_height>225</thumb_height>
  <thumb_width>400</thumb_width>
</Episode>
<Episode>
  <id>4655053</id>
  <Combined_episodenumber>9</Combined_episodenumber>
  <Combined_season>0</Combined_season>
  <DVD_chapter></DVD_chapter>
  <DVD_discid></DVD_discid>
  <DVD_episodenumber></DVD_episodenumber>
  <DVD_season></DVD_season>
  <Director>Greg Yaitanes</Director>
  <EpImgFlag>2</EpImgFlag>
  <EpisodeName>Origins: Checking In</EpisodeName>
  <EpisodeNumber>9</EpisodeNumber>
  <FirstAired>2014-01-29</FirstAired>
  <GuestStars>|Antony Starr|Hoon Lee|</GuestStars>
  <IMDB_ID></IMDB_ID>
  <Language>en</Language>
  <Overview>Three years ago.</Overview>
  <ProductionCode></ProductionCode>
  <Rating></Rating>
  <RatingCount>0</RatingCount>
  <SeasonNumber>0</SeasonNumber>
  <Writer>|David Schickler|Jonathan Tropper|</Writer>
  <absolute_number></absolute_number>
  <airsafter_season></airsafter_season>
  <airsbefore_episode>1</airsbefore_episode>
  <airsbefore_season>1</airsbefore_season>
  <filename>episodes/259765/4655053.jpg</filename>
  <lastupdated>1426445261</lastupdated>
  <seasonid>494169</seasonid>
  <seriesid>259765</seriesid>
  <thumb_added>2013-12-15 12:00:42</thumb_added>
  <thumb_height>225</thumb_height>
  <thumb_width>400</thumb_width>
</Episode>
<Episode>
  <id>4655054</id>
  <Combined_episodenumber>10</Combined_episodenumber>
  <Combined_season>0</Combined_season>
  <DVD_chapter></DVD_chapter>
  <DVD_discid></DVD_discid>
  <DVD_episodenumber></DVD_episodenumber>
  <DVD_season></DVD_season>
  <Director>Greg Yaitanes</Director>
  <EpImgFlag>2</EpImgFlag>
  <EpisodeName>Origins: The Women</EpisodeName>
  <EpisodeNumber>10</EpisodeNumber>
  <FirstAired>2014-01-29</FirstAired>
  <GuestStars>|Trieste Kelly Dunn|Lili Simmons|</GuestStars>
  <IMDB_ID></IMDB_ID>
  <Language>en</Language>
  <Overview>Three years ago.</Overview>
  <ProductionCode></ProductionCode>
  <Rating></Rating>
  <RatingCount>0</RatingCount>
  <SeasonNumber>0</SeasonNumber>
  <Writer>|David Schickler|Jonathan Tropper|</Writer>
  <absolute_number></absolute_number>
  <airsafter_season></airsafter_season>
  <airsbefore_episode>1</airsbefore_episode>
  <airsbefore_season>1</airsbefore_season>
  <filename>episodes/259765/4655054.jpg</filename>
  <lastupdated>1426445256</lastupdated>
  <seasonid>494169</seasonid>
  <seriesid>259765</seriesid>
  <thumb_added>2013-12-15 12:03:14</thumb_added>
  <thumb_height>225</thumb_height>
  <thumb_width>400</thumb_width>
</Episode>
<Episode>
  <id>4655055</id>
  <Combined_episodenumber>11</Combined_episodenumber>
  <Combined_season>0</Combined_season>
  <DVD_chapter></DVD_chapter>
  <DVD_discid></DVD_discid>
  <DVD_episodenumber></DVD_episodenumber>
  <DVD_season></DVD_season>
  <Director>Greg Yaitanes</Director>
  <EpImgFlag>2</EpImgFlag>
  <EpisodeName>Origins: Carrie and Deva</EpisodeName>
  <EpisodeNumber>11</EpisodeNumber>
  <FirstAired>2014-01-29</FirstAired>
  <GuestStars></GuestStars>
  <IMDB_ID></IMDB_ID>
  <Language>en</Language>
  <Overview>Two years ago.</Overview>
  <ProductionCode></ProductionCode>
  <Rating></Rating>
  <RatingCount>0</RatingCount>
  <SeasonNumber>0</SeasonNumber>
  <Writer></Writer>
  <absolute_number></absolute_number>
  <airsafter_season></airsafter_season>
  <airsbefore_episode>1</airsbefore_episode>
  <airsbefore_season>1</airsbefore_season>
  <filename>episodes/259765/4655055.jpg</filename>
  <lastupdated>1426445252</lastupdated>
  <seasonid>494169</seasonid>
  <seriesid>259765</seriesid>
  <thumb_added>2013-12-15 12:06:04</thumb_added>
  <thumb_height>225</thumb_height>
  <thumb_width>400</thumb_width>
</Episode>
<Episode>
  <id>4655056</id>
  <Combined_episodenumber>12</Combined_episodenumber>
  <Combined_season>0</Combined_season>
  <DVD_chapter></DVD_chapter>
  <DVD_discid></DVD_discid>
  <DVD_episodenumber></DVD_episodenumber>
  <DVD_season></DVD_season>
  <Director>Greg Yaitanes</Director>
  <EpImgFlag>2</EpImgFlag>
  <EpisodeName>Origins: Passed Over</EpisodeName>
  <EpisodeNumber>12</EpisodeNumber>
  <FirstAired>2014-01-29</FirstAired>
  <GuestStars>|Matt Servitto|Daniel Ross Owens|</GuestStars>
  <IMDB_ID></IMDB_ID>
  <Language>en</Language>
  <Overview>Two weeks ago.</Overview>
  <ProductionCode></ProductionCode>
  <Rating></Rating>
  <RatingCount>0</RatingCount>
  <SeasonNumber>0</SeasonNumber>
  <Writer>|David Schickler|Jonathan Tropper|</Writer>
  <absolute_number></absolute_number>
  <airsafter_season></airsafter_season>
  <airsbefore_episode>1</airsbefore_episode>
  <airsbefore_season>1</airsbefore_season>
  <filename>episodes/259765/4655056.jpg</filename>
  <lastupdated>1426445245</lastupdated>
  <seasonid>494169</seasonid>
  <seriesid>259765</seriesid>
  <thumb_added>2013-12-15 12:08:56</thumb_added>
  <thumb_height>225</thumb_height>
  <thumb_width>400</thumb_width>
</Episode>
<Episode>
  <id>4655057</id>
  <Combined_episodenumber>13</Combined_episodenumber>
  <Combined_season>0</Combined_season>
  <DVD_chapter></DVD_chapter>
  <DVD_discid></DVD_discid>
  <DVD_episodenumber></DVD_episodenumber>
  <DVD_season></DVD_season>
  <Director>Greg Yaitanes</Director>
  <EpImgFlag>2</EpImgFlag>
  <EpisodeName>Origins: The Real Lucas Hood</EpisodeName>
  <EpisodeNumber>13</EpisodeNumber>
  <FirstAired>2014-01-24</FirstAired>
  <GuestStars>|Frankie Faison|Griff Furst|</GuestStars>
  <IMDB_ID></IMDB_ID>
  <Language>en</Language>
  <Overview>Today.</Overview>
  <ProductionCode></ProductionCode>
  <Rating></Rating>
  <RatingCount>0</RatingCount>
  <SeasonNumber>0</SeasonNumber>
  <Writer>|David Schickler|Jonathan Tropper|</Writer>
  <absolute_number></absolute_number>
  <airsafter_season></airsafter_season>
  <airsbefore_episode>1</airsbefore_episode>
  <airsbefore_season>1</airsbefore_season>
  <filename>episodes/259765/4655057.jpg</filename>
  <lastupdated>1426445239</lastupdated>
  <seasonid>494169</seasonid>
  <seriesid>259765</seriesid>
  <thumb_added>2013-12-15 12:13:58</thumb_added>
  <thumb_height>225</thumb_height>
  <thumb_width>400</thumb_width>
</Episode>
<Episode>
  <id>4757673</id>
  <Combined_episodenumber>14</Combined_episodenumber>
  <Combined_season>0</Combined_season>
  <DVD_chapter></DVD_chapter>
  <DVD_discid></DVD_discid>
  <DVD_episodenumber></DVD_episodenumber>
  <DVD_season></DVD_season>
  <Director>Greg Yaitanes</Director>
  <EpImgFlag>2</EpImgFlag>
  <EpisodeName>Origins: Hotwire</EpisodeName>
  <EpisodeNumber>14</EpisodeNumber>
  <FirstAired>2014-01-09</FirstAired>
  <GuestStars>|Antony Starr|Hoon Lee|</GuestStars>
  <IMDB_ID></IMDB_ID>
  <Language>en</Language>
  <Overview>Seventeen Years Ago.</Overview>
  <ProductionCode></ProductionCode>
  <Rating></Rating>
  <RatingCount>0</RatingCount>
  <SeasonNumber>0</SeasonNumber>
  <Writer>Jonathan Tropper</Writer>
  <absolute_number></absolute_number>
  <airsafter_season></airsafter_season>
  <airsbefore_episode>1</airsbefore_episode>
  <airsbefore_season>2</airsbefore_season>
  <filename>episodes/259765/4757673.jpg</filename>
  <lastupdated>1426444826</lastupdated>
  <seasonid>494169</seasonid>
  <seriesid>259765</seriesid>
  <thumb_added>2014-01-18 11:59:11</thumb_added>
  <thumb_height>225</thumb_height>
  <thumb_width>400</thumb_width>
</Episode>
<Episode>
  <id>4757674</id>
  <Combined_episodenumber>15</Combined_episodenumber>
  <Combined_season>0</Combined_season>
  <DVD_chapter></DVD_chapter>
  <DVD_discid></DVD_discid>
  <DVD_episodenumber></DVD_episodenumber>
  <DVD_season></DVD_season>
  <Director>OC Madsen</Director>
  <EpImgFlag>2</EpImgFlag>
  <EpisodeName>Origins: Allenwood Part 1</EpisodeName>
  <EpisodeNumber>15</EpisodeNumber>
  <FirstAired>2014-01-08</FirstAired>
  <GuestStars>|Ulrich Thomsen|Frankie Faison|</GuestStars>
  <IMDB_ID></IMDB_ID>
  <Language>en</Language>
  <Overview>Seventeen Years Ago.</Overview>
  <ProductionCode></ProductionCode>
  <Rating></Rating>
  <RatingCount>0</RatingCount>
  <SeasonNumber>0</SeasonNumber>
  <Writer>Julian Higgins</Writer>
  <absolute_number></absolute_number>
  <airsafter_season></airsafter_season>
  <airsbefore_episode>1</airsbefore_episode>
  <airsbefore_season>2</airsbefore_season>
  <filename>episodes/259765/4757674.jpg</filename>
  <lastupdated>1426445375</lastupdated>
  <seasonid>494169</seasonid>
  <seriesid>259765</seriesid>
  <thumb_added>2014-01-18 12:05:26</thumb_added>
  <thumb_height>225</thumb_height>
  <thumb_width>400</thumb_width>
</Episode>
<Episode>
  <id>4765668</id>
  <Combined_episodenumber>16</Combined_episodenumber>
  <Combined_season>0</Combined_season>
  <DVD_chapter></DVD_chapter>
  <DVD_discid></DVD_discid>
  <DVD_episodenumber></DVD_episodenumber>
  <DVD_season></DVD_season>
  <Director>Greg Yaitanes</Director>
  <EpImgFlag>2</EpImgFlag>
  <EpisodeName>Origins: Interrogation Part 1</EpisodeName>
  <EpisodeNumber>16</EpisodeNumber>
  <FirstAired>2014-01-09</FirstAired>
  <GuestStars>|Antony Starr|Zeljko Ivanek|Reg E. Cathey|</GuestStars>
  <IMDB_ID></IMDB_ID>
  <Language>en</Language>
  <Overview>Fifteen Years Ago.</Overview>
  <ProductionCode></ProductionCode>
  <Rating></Rating>
  <RatingCount>0</RatingCount>
  <SeasonNumber>0</SeasonNumber>
  <Writer>Jonathan Tropper</Writer>
  <absolute_number></absolute_number>
  <airsafter_season></airsafter_season>
  <airsbefore_episode>1</airsbefore_episode>
  <airsbefore_season>2</airsbefore_season>
  <filename>episodes/259765/4765668.jpg</filename>
  <lastupdated>1426445386</lastupdated>
  <seasonid>494169</seasonid>
  <seriesid>259765</seriesid>
  <thumb_added>2014-01-18 12:15:07</thumb_added>
  <thumb_height>225</thumb_height>
  <thumb_width>400</thumb_width>
</Episode>
<Episode>
  <id>4765669</id>
  <Combined_episodenumber>17</Combined_episodenumber>
  <Combined_season>0</Combined_season>
  <DVD_chapter></DVD_chapter>
  <DVD_discid></DVD_discid>
  <DVD_episodenumber></DVD_episodenumber>
  <DVD_season></DVD_season>
  <Director>Greg Yaitanes</Director>
  <EpImgFlag>2</EpImgFlag>
  <EpisodeName>Origins: Interrogation Part 2</EpisodeName>
  <EpisodeNumber>17</EpisodeNumber>
  <FirstAired>2014-01-09</FirstAired>
  <GuestStars>|Antony Starr|Zeljko Ivanek|Reg E. Cathey|</GuestStars>
  <IMDB_ID></IMDB_ID>
  <Language>en</Language>
  <Overview>Fifteen Years Ago.</Overview>
  <ProductionCode></ProductionCode>
  <Rating></Rating>
  <RatingCount>0</RatingCount>
  <SeasonNumber>0</SeasonNumber>
  <Writer>Jonathan Tropper</Writer>
  <absolute_number></absolute_number>
  <airsafter_season></airsafter_season>
  <airsbefore_episode>1</airsbefore_episode>
  <airsbefore_season>2</airsbefore_season>
  <filename>episodes/259765/4765669.jpg</filename>
  <lastupdated>1426445403</lastupdated>
  <seasonid>494169</seasonid>
  <seriesid>259765</seriesid>
  <thumb_added>2014-01-18 12:26:11</thumb_added>
  <thumb_height>225</thumb_height>
  <thumb_width>400</thumb_width>
</Episode>
<Episode>
  <id>4765670</id>
  <Combined_episodenumber>18</Combined_episodenumber>
  <Combined_season>0</Combined_season>
  <DVD_chapter></DVD_chapter>
  <DVD_discid></DVD_discid>
  <DVD_episodenumber></DVD_episodenumber>
  <DVD_season></DVD_season>
  <Director>Greg Yaitanes</Director>
  <EpImgFlag>2</EpImgFlag>
  <EpisodeName>Origins: Interrogation Part 3</EpisodeName>
  <EpisodeNumber>18</EpisodeNumber>
  <FirstAired>2014-01-09</FirstAired>
  <GuestStars>|Antony Starr|Zeljko Ivanek|Reg E. Cathey|</GuestStars>
  <IMDB_ID></IMDB_ID>
  <Language>en</Language>
  <Overview>Fifteen Years Ago.</Overview>
  <ProductionCode></ProductionCode>
  <Rating></Rating>
  <RatingCount>0</RatingCount>
  <SeasonNumber>0</SeasonNumber>
  <Writer>Jonathan Tropper</Writer>
  <absolute_number></absolute_number>
  <airsafter_season></airsafter_season>
  <airsbefore_episode>1</airsbefore_episode>
  <airsbefore_season>2</airsbefore_season>
  <filename>episodes/259765/4765670.jpg</filename>
  <lastupdated>1426445415</lastupdated>
  <seasonid>494169</seasonid>
  <seriesid>259765</seriesid>
  <thumb_added>2014-01-18 12:34:51</thumb_added>
  <thumb_height>225</thumb_height>
  <thumb_width>400</thumb_width>
</Episode>
<Episode>
  <id>4765671</id>
  <Combined_episodenumber>19</Combined_episodenumber>
  <Combined_season>0</Combined_season>
  <DVD_chapter></DVD_chapter>
  <DVD_discid></DVD_discid>
  <DVD_episodenumber></DVD_episodenumber>
  <DVD_season></DVD_season>
  <Director></Director>
  <EpImgFlag>2</EpImgFlag>
  <EpisodeName>Origins: The Phone Call</EpisodeName>
  <EpisodeNumber>19</EpisodeNumber>
  <FirstAired>2014-12-16</FirstAired>
  <GuestStars>|Joseph Gatt|Christos Vasilopoulos|</GuestStars>
  <IMDB_ID></IMDB_ID>
  <Language>en</Language>
  <Overview>Fifteen Years Ago.</Overview>
  <ProductionCode></ProductionCode>
  <Rating></Rating>
  <RatingCount>0</RatingCount>
  <SeasonNumber>0</SeasonNumber>
  <Writer></Writer>
  <absolute_number></absolute_number>
  <airsafter_season></airsafter_season>
  <airsbefore_episode>1</airsbefore_episode>
  <airsbefore_season>2</airsbefore_season>
  <filename>episodes/259765/4765671.jpg</filename>
  <lastupdated>1426444723</lastupdated>
  <seasonid>494169</seasonid>
  <seriesid>259765</seriesid>
  <thumb_added>2014-01-18 12:39:26</thumb_added>
  <thumb_height>225</thumb_height>
  <thumb_width>400</thumb_width>
</Episode>
<Episode>
  <id>4765672</id>
  <Combined_episodenumber>20</Combined_episodenumber>
  <Combined_season>0</Combined_season>
  <DVD_chapter></DVD_chapter>
  <DVD_discid></DVD_discid>
  <DVD_episodenumber></DVD_episodenumber>
  <DVD_season></DVD_season>
  <Director>Babak Najafi</Director>
  <EpImgFlag>2</EpImgFlag>
  <EpisodeName>Origins: The Diner</EpisodeName>
  <EpisodeNumber>20</EpisodeNumber>
  <FirstAired>2014-01-09</FirstAired>
  <GuestStars>|Ivana Milicevic|Rus Blackwell|</GuestStars>
  <IMDB_ID></IMDB_ID>
  <Language>en</Language>
  <Overview>Fifteen Years Ago.</Overview>
  <ProductionCode></ProductionCode>
  <Rating></Rating>
  <RatingCount>0</RatingCount>
  <SeasonNumber>0</SeasonNumber>
  <Writer>Chris Yakaitis</Writer>
  <absolute_number></absolute_number>
  <airsafter_season></airsafter_season>
  <airsbefore_episode>1</airsbefore_episode>
  <airsbefore_season>2</airsbefore_season>
  <filename>episodes/259765/4765672.jpg</filename>
  <lastupdated>1426444333</lastupdated>
  <seasonid>494169</seasonid>
  <seriesid>259765</seriesid>
  <thumb_added>2014-01-18 13:08:08</thumb_added>
  <thumb_height>225</thumb_height>
  <thumb_width>400</thumb_width>
</Episode>
<Episode>
  <id>4765673</id>
  <Combined_episodenumber>21</Combined_episodenumber>
  <Combined_season>0</Combined_season>
  <DVD_chapter></DVD_chapter>
  <DVD_discid></DVD_discid>
  <DVD_episodenumber></DVD_episodenumber>
  <DVD_season></DVD_season>
  <Director>Carey Williams</Director>
  <EpImgFlag>2</EpImgFlag>
  <EpisodeName>Origins: The Person You Were Meant To Be</EpisodeName>
  <EpisodeNumber>21</EpisodeNumber>
  <FirstAired>2014-01-09</FirstAired>
  <GuestStars>|Ivana Milicevic|Rus Blackwell|</GuestStars>
  <IMDB_ID></IMDB_ID>
  <Language>en</Language>
  <Overview>Fifteen Years Ago.</Overview>
  <ProductionCode></ProductionCode>
  <Rating></Rating>
  <RatingCount>0</RatingCount>
  <SeasonNumber>0</SeasonNumber>
  <Writer>Jonathan Tropper</Writer>
  <absolute_number></absolute_number>
  <airsafter_season></airsafter_season>
  <airsbefore_episode>1</airsbefore_episode>
  <airsbefore_season>2</airsbefore_season>
  <filename>episodes/259765/4765673.jpg</filename>
  <lastupdated>1426444341</lastupdated>
  <seasonid>494169</seasonid>
  <seriesid>259765</seriesid>
  <thumb_added>2014-01-18 13:17:40</thumb_added>
  <thumb_height>225</thumb_height>
  <thumb_width>400</thumb_width>
</Episode>
<Episode>
  <id>4765829</id>
  <Combined_episodenumber>22</Combined_episodenumber>
  <Combined_season>0</Combined_season>
  <DVD_chapter></DVD_chapter>
  <DVD_discid></DVD_discid>
  <DVD_episodenumber></DVD_episodenumber>
  <DVD_season></DVD_season>
  <Director>OC Madsen</Director>
  <EpImgFlag>2</EpImgFlag>
  <EpisodeName>Origins: Allenwood Part 2</EpisodeName>
  <EpisodeNumber>22</EpisodeNumber>
  <FirstAired>2014-01-08</FirstAired>
  <GuestStars>|Ulrich Thomsen|Frankie Faison|</GuestStars>
  <IMDB_ID></IMDB_ID>
  <Language>en</Language>
  <Overview>Thirteen Years Ago.</Overview>
  <ProductionCode></ProductionCode>
  <Rating></Rating>
  <RatingCount>0</RatingCount>
  <SeasonNumber>0</SeasonNumber>
  <Writer>Julian Higgins</Writer>
  <absolute_number></absolute_number>
  <airsafter_season></airsafter_season>
  <airsbefore_episode>1</airsbefore_episode>
  <airsbefore_season>2</airsbefore_season>
  <filename>episodes/259765/4765829.jpg</filename>
  <lastupdated>1426445429</lastupdated>
  <seasonid>494169</seasonid>
  <seriesid>259765</seriesid>
  <thumb_added>2014-01-18 13:25:57</thumb_added>
  <thumb_height>225</thumb_height>
  <thumb_width>400</thumb_width>
</Episode>
<Episode>
  <id>4773483</id>
  <Combined_episodenumber>23</Combined_episodenumber>
  <Combined_season>0</Combined_season>
  <DVD_chapter></DVD_chapter>
  <DVD_discid></DVD_discid>
  <DVD_episodenumber></DVD_episodenumber>
  <DVD_season></DVD_season>
  <Director>Greg Yaitanes</Director>
  <EpImgFlag>2</EpImgFlag>
  <EpisodeName>Origins: Brothers</EpisodeName>
  <EpisodeNumber>23</EpisodeNumber>
  <FirstAired>2014-01-09</FirstAired>
  <GuestStars>|Ben Cross|Julian Sands|</GuestStars>
  <IMDB_ID></IMDB_ID>
  <Language>en</Language>
  <Overview>Eleven Years Ago.</Overview>
  <ProductionCode></ProductionCode>
  <Rating></Rating>
  <RatingCount>0</RatingCount>
  <SeasonNumber>0</SeasonNumber>
  <Writer>Jonathan Tropper</Writer>
  <absolute_number></absolute_number>
  <airsafter_season></airsafter_season>
  <airsbefore_episode>1</airsbefore_episode>
  <airsbefore_season>2</airsbefore_season>
  <filename>episodes/259765/4773483.jpg</filename>
  <lastupdated>1426444358</lastupdated>
  <seasonid>494169</seasonid>
  <seriesid>259765</seriesid>
  <thumb_added>2014-01-18 13:36:18</thumb_added>
  <thumb_height>225</thumb_height>
  <thumb_width>400</thumb_width>
</Episode>
<Episode>
  <id>4773486</id>
  <Combined_episodenumber>24</Combined_episodenumber>
  <Combined_season>0</Combined_season>
  <DVD_chapter></DVD_chapter>
  <DVD_discid></DVD_discid>
  <DVD_episodenumber></DVD_episodenumber>
  <DVD_season></DVD_season>
  <Director>Greg Yaitanes</Director>
  <EpImgFlag>2</EpImgFlag>
  <EpisodeName>Origins: The Priest</EpisodeName>
  <EpisodeNumber>24</EpisodeNumber>
  <FirstAired>2014-01-09</FirstAired>
  <GuestStars>|Zeljko Ivanek|Julian Sands|</GuestStars>
  <IMDB_ID></IMDB_ID>
  <Language>en</Language>
  <Overview>Ten Years Ago.</Overview>
  <ProductionCode></ProductionCode>
  <Rating></Rating>
  <RatingCount>0</RatingCount>
  <SeasonNumber>0</SeasonNumber>
  <Writer>Jonathan Tropper</Writer>
  <absolute_number></absolute_number>
  <airsafter_season></airsafter_season>
  <airsbefore_episode>1</airsbefore_episode>
  <airsbefore_season>2</airsbefore_season>
  <filename>episodes/259765/4773486.jpg</filename>
  <lastupdated>1426444365</lastupdated>
  <seasonid>494169</seasonid>
  <seriesid>259765</seriesid>
  <thumb_added>2014-01-18 13:43:54</thumb_added>
  <thumb_height>225</thumb_height>
  <thumb_width>400</thumb_width>
</Episode>
<Episode>
  <id>4773487</id>
  <Combined_episodenumber>25</Combined_episodenumber>
  <Combined_season>0</Combined_season>
  <DVD_chapter></DVD_chapter>
  <DVD_discid></DVD_discid>
  <DVD_episodenumber></DVD_episodenumber>
  <DVD_season></DVD_season>
  <Director>Patia Prouty</Director>
  <EpImgFlag>2</EpImgFlag>
  <EpisodeName>Origins: The Field</EpisodeName>
  <EpisodeNumber>25</EpisodeNumber>
  <FirstAired>2014-01-09</FirstAired>
  <GuestStars>|Lili Simmons|Olafur Darri Olafsson|</GuestStars>
  <IMDB_ID></IMDB_ID>
  <Language>en</Language>
  <Overview>Five Years Ago.</Overview>
  <ProductionCode></ProductionCode>
  <Rating></Rating>
  <RatingCount>0</RatingCount>
  <SeasonNumber>0</SeasonNumber>
  <Writer>Jonathan Tropper</Writer>
  <absolute_number></absolute_number>
  <airsafter_season></airsafter_season>
  <airsbefore_episode>1</airsbefore_episode>
  <airsbefore_season>2</airsbefore_season>
  <filename>episodes/259765/4773487.jpg</filename>
  <lastupdated>1426444373</lastupdated>
  <seasonid>494169</seasonid>
  <seriesid>259765</seriesid>
  <thumb_added>2014-01-18 13:52:13</thumb_added>
  <thumb_height>225</thumb_height>
  <thumb_width>400</thumb_width>
</Episode>
<Episode>
  <id>5081073</id>
  <Combined_episodenumber>26</Combined_episodenumber>
  <Combined_season>0</Combined_season>
  <DVD_chapter></DVD_chapter>
  <DVD_discid></DVD_discid>
  <DVD_episodenumber></DVD_episodenumber>
  <DVD_season></DVD_season>
  <Director></Director>
  <EpImgFlag>2</EpImgFlag>
  <EpisodeName>Origins: Getting To Know You</EpisodeName>
  <EpisodeNumber>26</EpisodeNumber>
  <FirstAired>2014-12-20</FirstAired>
  <GuestStars></GuestStars>
  <IMDB_ID></IMDB_ID>
  <Language>en</Language>
  <Overview>Seventeen years ago, Lucas and Carrie met for the first time.</Overview>
  <ProductionCode></ProductionCode>
  <Rating></Rating>
  <RatingCount>0</RatingCount>
  <SeasonNumber>0</SeasonNumber>
  <Writer></Writer>
  <absolute_number></absolute_number>
  <airsafter_season></airsafter_season>
  <airsbefore_episode>1</airsbefore_episode>
  <airsbefore_season>3</airsbefore_season>
  <filename>episodes/259765/5081073.jpg</filename>
  <lastupdated>1426444541</lastupdated>
  <seasonid>494169</seasonid>
  <seriesid>259765</seriesid>
  <thumb_added>2014-12-25 12:02:09</thumb_added>
  <thumb_height>225</thumb_height>
  <thumb_width>400</thumb_width>
</Episode>
<Episode>
  <id>5081074</id>
  <Combined_episodenumber>27</Combined_episodenumber>
  <Combined_season>0</Combined_season>
  <DVD_chapter></DVD_chapter>
  <DVD_discid></DVD_discid>
  <DVD_episodenumber></DVD_episodenumber>
  <DVD_season></DVD_season>
  <Director></Director>
  <EpImgFlag>2</EpImgFlag>
  <EpisodeName>Origins: Takeover</EpisodeName>
  <EpisodeNumber>27</EpisodeNumber>
  <FirstAired>2014-12-20</FirstAired>
  <GuestStars></GuestStars>
  <IMDB_ID></IMDB_ID>
  <Language>en</Language>
  <Overview>Fifteen years ago, Kai Proctor was caught between two worlds.</Overview>
  <ProductionCode></ProductionCode>
  <Rating></Rating>
  <RatingCount>0</RatingCount>
  <SeasonNumber>0</SeasonNumber>
  <Writer></Writer>
  <absolute_number></absolute_number>
  <airsafter_season></airsafter_season>
  <airsbefore_episode>1</airsbefore_episode>
  <airsbefore_season>3</airsbefore_season>
  <filename>episodes/259765/5081074.jpg</filename>
  <lastupdated>1426444530</lastupdated>
  <seasonid>494169</seasonid>
  <seriesid>259765</seriesid>
  <thumb_added>2014-12-25 12:02:32</thumb_added>
  <thumb_height>225</thumb_height>
  <thumb_width>400</thumb_width>
</Episode>
<Episode>
  <id>5081076</id>
  <Combined_episodenumber>28</Combined_episodenumber>
  <Combined_season>0</Combined_season>
  <DVD_chapter></DVD_chapter>
  <DVD_discid></DVD_discid>
  <DVD_episodenumber></DVD_episodenumber>
  <DVD_season></DVD_season>
  <Director></Director>
  <EpImgFlag>2</EpImgFlag>
  <EpisodeName>Origins: Always Be Prepared</EpisodeName>
  <EpisodeNumber>28</EpisodeNumber>
  <FirstAired>2014-12-20</FirstAired>
  <GuestStars></GuestStars>
  <IMDB_ID></IMDB_ID>
  <Language>en</Language>
  <Overview>Nine years ago, Proctor and Burton met for the first time.</Overview>
  <ProductionCode></ProductionCode>
  <Rating></Rating>
  <RatingCount>0</RatingCount>
  <SeasonNumber>0</SeasonNumber>
  <Writer></Writer>
  <absolute_number></absolute_number>
  <airsafter_season></airsafter_season>
  <airsbefore_episode>1</airsbefore_episode>
  <airsbefore_season>3</airsbefore_season>
  <filename>episodes/259765/5081076.jpg</filename>
  <lastupdated>1426444498</lastupdated>
  <seasonid>494169</seasonid>
  <seriesid>259765</seriesid>
  <thumb_added>2014-12-25 12:02:50</thumb_added>
  <thumb_height>225</thumb_height>
  <thumb_width>400</thumb_width>
</Episode>
<Episode>
  <id>5081077</id>
  <Combined_episodenumber>29</Combined_episodenumber>
  <Combined_season>0</Combined_season>
  <DVD_chapter></DVD_chapter>
  <DVD_discid></DVD_discid>
  <DVD_episodenumber></DVD_episodenumber>
  <DVD_season></DVD_season>
  <Director></Director>
  <EpImgFlag>2</EpImgFlag>
  <EpisodeName>Origins: Busy Night</EpisodeName>
  <EpisodeNumber>29</EpisodeNumber>
  <FirstAired>2014-12-20</FirstAired>
  <GuestStars></GuestStars>
  <IMDB_ID></IMDB_ID>
  <Language>en</Language>
  <Overview>Eight years ago, Brock’s work life came to haunt him at home.</Overview>
  <ProductionCode></ProductionCode>
  <Rating>7.0</Rating>
  <RatingCount>1</RatingCount>
  <SeasonNumber>0</SeasonNumber>
  <Writer></Writer>
  <absolute_number></absolute_number>
  <airsafter_season></airsafter_season>
  <airsbefore_episode>1</airsbefore_episode>
  <airsbefore_season>3</airsbefore_season>
  <filename>episodes/259765/5081077.jpg</filename>
  <lastupdated>1426444478</lastupdated>
  <seasonid>494169</seasonid>
  <seriesid>259765</seriesid>
  <thumb_added>2014-12-25 12:03:13</thumb_added>
  <thumb_height>225</thumb_height>
  <thumb_width>400</thumb_width>
</Episode>
<Episode>
  <id>5081078</id>
  <Combined_episodenumber>30</Combined_episodenumber>
  <Combined_season>0</Combined_season>
  <DVD_chapter></DVD_chapter>
  <DVD_discid></DVD_discid>
  <DVD_episodenumber></DVD_episodenumber>
  <DVD_season></DVD_season>
  <Director></Director>
  <EpImgFlag>2</EpImgFlag>
  <EpisodeName>Origins: Bugs And Thugs</EpisodeName>
  <EpisodeNumber>30</EpisodeNumber>
  <FirstAired>2014-12-20</FirstAired>
  <GuestStars></GuestStars>
  <IMDB_ID></IMDB_ID>
  <Language>en</Language>
  <Overview>Five years ago, Chayton Littlestone learned an unexpected lesson.</Overview>
  <ProductionCode></ProductionCode>
  <Rating>7.0</Rating>
  <RatingCount>1</RatingCount>
  <SeasonNumber>0</SeasonNumber>
  <Writer></Writer>
  <absolute_number></absolute_number>
  <airsafter_season></airsafter_season>
  <airsbefore_episode>1</airsbefore_episode>
  <airsbefore_season>3</airsbefore_season>
  <filename>episodes/259765/5081078.jpg</filename>
  <lastupdated>1426444577</lastupdated>
  <seasonid>494169</seasonid>
  <seriesid>259765</seriesid>
  <thumb_added>2014-12-26 00:04:45</thumb_added>
  <thumb_height>225</thumb_height>
  <thumb_width>400</thumb_width>
</Episode>
<Episode>
  <id>5082658</id>
  <Combined_episodenumber>31</Combined_episodenumber>
  <Combined_season>0</Combined_season>
  <DVD_chapter></DVD_chapter>
  <DVD_discid></DVD_discid>
  <DVD_episodenumber></DVD_episodenumber>
  <DVD_season></DVD_season>
  <Director></Director>
  <EpImgFlag>2</EpImgFlag>
  <EpisodeName>Origins: Already Dead</EpisodeName>
  <EpisodeNumber>31</EpisodeNumber>
  <FirstAired>2014-12-20</FirstAired>
  <GuestStars></GuestStars>
  <IMDB_ID></IMDB_ID>
  <Language>en</Language>
  <Overview>Four Years Ago, Chayton pulled Nola back from the dead.</Overview>
  <ProductionCode></ProductionCode>
  <Rating>7.0</Rating>
  <RatingCount>1</RatingCount>
  <SeasonNumber>0</SeasonNumber>
  <Writer></Writer>
  <absolute_number></absolute_number>
  <airsafter_season></airsafter_season>
  <airsbefore_episode>1</airsbefore_episode>
  <airsbefore_season>3</airsbefore_season>
  <filename>episodes/259765/5082658.jpg</filename>
  <lastupdated>1426444591</lastupdated>
  <seasonid>494169</seasonid>
  <seriesid>259765</seriesid>
  <thumb_added>2015-01-25 16:58:46</thumb_added>
  <thumb_height>225</thumb_height>
  <thumb_width>400</thumb_width>
</Episode>
<Episode>
  <id>5081079</id>
  <Combined_episodenumber>32</Combined_episodenumber>
  <Combined_season>0</Combined_season>
  <DVD_chapter></DVD_chapter>
  <DVD_discid></DVD_discid>
  <DVD_episodenumber></DVD_episodenumber>
  <DVD_season></DVD_season>
  <Director></Director>
  <EpImgFlag>2</EpImgFlag>
  <EpisodeName>Origins: Off Duty</EpisodeName>
  <EpisodeNumber>32</EpisodeNumber>
  <FirstAired>2014-12-20</FirstAired>
  <GuestStars></GuestStars>
  <IMDB_ID></IMDB_ID>
  <Language>en</Language>
  <Overview>Two years ago, Siobhan found someone she related to.</Overview>
  <ProductionCode></ProductionCode>
  <Rating>7.0</Rating>
  <RatingCount>1</RatingCount>
  <SeasonNumber>0</SeasonNumber>
  <Writer></Writer>
  <absolute_number></absolute_number>
  <airsafter_season></airsafter_season>
  <airsbefore_episode>1</airsbefore_episode>
  <airsbefore_season>3</airsbefore_season>
  <filename>episodes/259765/5081079.jpg</filename>
  <lastupdated>1426444606</lastupdated>
  <seasonid>494169</seasonid>
  <seriesid>259765</seriesid>
  <thumb_added>2015-01-25 16:57:59</thumb_added>
  <thumb_height>225</thumb_height>
  <thumb_width>400</thumb_width>
</Episode>
<Episode>
  <id>5081080</id>
  <Combined_episodenumber>33</Combined_episodenumber>
  <Combined_season>0</Combined_season>
  <DVD_chapter></DVD_chapter>
  <DVD_discid></DVD_discid>
  <DVD_episodenumber></DVD_episodenumber>
  <DVD_season></DVD_season>
  <Director></Director>
  <EpImgFlag>2</EpImgFlag>
  <EpisodeName>Origins: Birthday</EpisodeName>
  <EpisodeNumber>33</EpisodeNumber>
  <FirstAired>2014-12-20</FirstAired>
  <GuestStars></GuestStars>
  <IMDB_ID></IMDB_ID>
  <Language>en</Language>
  <Overview>Six months ago, Lucas Hood was reborn.</Overview>
  <ProductionCode></ProductionCode>
  <Rating>7.0</Rating>
  <RatingCount>1</RatingCount>
  <SeasonNumber>0</SeasonNumber>
  <Writer></Writer>
  <absolute_number></absolute_number>
  <airsafter_season></airsafter_season>
  <airsbefore_episode>1</airsbefore_episode>
  <airsbefore_season>3</airsbefore_season>
  <filename>episodes/259765/5081080.jpg</filename>
  <lastupdated>1426444621</lastupdated>
  <seasonid>494169</seasonid>
  <seriesid>259765</seriesid>
  <thumb_added>2015-02-08 14:50:53</thumb_added>
  <thumb_height>225</thumb_height>
  <thumb_width>400</thumb_width>
</Episode>
<Episode>
  <id>5083754</id>
  <Combined_episodenumber>34</Combined_episodenumber>
  <Combined_season>0</Combined_season>
  <DVD_chapter></DVD_chapter>
  <DVD_discid></DVD_discid>
  <DVD_episodenumber></DVD_episodenumber>
  <DVD_season></DVD_season>
  <Director></Director>
  <EpImgFlag>2</EpImgFlag>
  <EpisodeName>Post Mortem</EpisodeName>
  <EpisodeNumber>34</EpisodeNumber>
  <FirstAired>2014-12-26</FirstAired>
  <GuestStars></GuestStars>
  <IMDB_ID></IMDB_ID>
  <Language>en</Language>
  <Overview>Director/showrunner Greg Yaitanes and other members of the cast and crew break down season two and the finale's Big Deaths.</Overview>
  <ProductionCode></ProductionCode>
  <Rating></Rating>
  <RatingCount>0</RatingCount>
  <SeasonNumber>0</SeasonNumber>
  <Writer></Writer>
  <absolute_number></absolute_number>
  <airsafter_season></airsafter_season>
  <airsbefore_episode>1</airsbefore_episode>
  <airsbefore_season>3</airsbefore_season>
  <filename>episodes/259765/5083754.jpg</filename>
  <lastupdated>1426444636</lastupdated>
  <seasonid>494169</seasonid>
  <seriesid>259765</seriesid>
  <thumb_added>2015-01-09 02:54:00</thumb_added>
  <thumb_height>225</thumb_height>
  <thumb_width>400</thumb_width>
</Episode>
<Episode>
  <id>5158270</id>
  <Combined_episodenumber>35</Combined_episodenumber>
  <Combined_season>0</Combined_season>
  <DVD_chapter></DVD_chapter>
  <DVD_discid></DVD_discid>
  <DVD_episodenumber></DVD_episodenumber>
  <DVD_season></DVD_season>
  <Director></Director>
  <EpImgFlag>2</EpImgFlag>
  <EpisodeName>Origins: Saga Part 1</EpisodeName>
  <EpisodeNumber>35</EpisodeNumber>
  <FirstAired>2015-03-13</FirstAired>
  <GuestStars></GuestStars>
  <IMDB_ID></IMDB_ID>
  <Language>en</Language>
  <Overview>Explore the lives of Lucas, Carrie, Job and more before they made their way to Banshee in this full-length Banshee Origins feature. Find out the story before the story. </Overview>
  <ProductionCode></ProductionCode>
  <Rating></Rating>
  <RatingCount>0</RatingCount>
  <SeasonNumber>0</SeasonNumber>
  <Writer></Writer>
  <absolute_number></absolute_number>
  <airsafter_season>3</airsafter_season>
  <airsbefore_episode></airsbefore_episode>
  <airsbefore_season></airsbefore_season>
  <filename>episodes/259765/5158270.jpg</filename>
  <lastupdated>1426443911</lastupdated>
  <seasonid>494169</seasonid>
  <seriesid>259765</seriesid>
  <thumb_added>2015-03-15 11:20:47</thumb_added>
  <thumb_height>225</thumb_height>
  <thumb_width>400</thumb_width>
</Episode>
<Episode>
  <id>5158271</id>
  <Combined_episodenumber>36</Combined_episodenumber>
  <Combined_season>0</Combined_season>
  <DVD_chapter></DVD_chapter>
  <DVD_discid></DVD_discid>
  <DVD_episodenumber></DVD_episodenumber>
  <DVD_season></DVD_season>
  <Director></Director>
  <EpImgFlag>2</EpImgFlag>
  <EpisodeName>Origins: Saga Part 2</EpisodeName>
  <EpisodeNumber>36</EpisodeNumber>
  <FirstAired>2015-03-13</FirstAired>
  <GuestStars></GuestStars>
  <IMDB_ID></IMDB_ID>
  <Language>en</Language>
  <Overview>Explore the lives of Lucas, Carrie, Job and more before they made their way to Banshee in this full-length Banshee Origins feature. Find out the story before the story. </Overview>
  <ProductionCode></ProductionCode>
  <Rating></Rating>
  <RatingCount>0</RatingCount>
  <SeasonNumber>0</SeasonNumber>
  <Writer></Writer>
  <absolute_number></absolute_number>
  <airsafter_season>3</airsafter_season>
  <airsbefore_episode></airsbefore_episode>
  <airsbefore_season></airsbefore_season>
  <filename>episodes/259765/5158271.jpg</filename>
  <lastupdated>1426443921</lastupdated>
  <seasonid>494169</seasonid>
  <seriesid>259765</seriesid>
  <thumb_added>2015-03-15 11:20:59</thumb_added>
  <thumb_height>225</thumb_height>
  <thumb_width>400</thumb_width>
</Episode>
<Episode>
  <id>4395226</id>
  <Combined_episodenumber>1.0</Combined_episodenumber>
  <Combined_season>1</Combined_season>
  <DVD_chapter></DVD_chapter>
  <DVD_discid></DVD_discid>
  <DVD_episodenumber>1.0</DVD_episodenumber>
  <DVD_season>1</DVD_season>
  <Director>Greg Yaitanes</Director>
  <EpImgFlag>2</EpImgFlag>
  <EpisodeName>Pilot</EpisodeName>
  <EpisodeNumber>1</EpisodeNumber>
  <FirstAired>2013-01-11</FirstAired>
  <GuestStars>Matthew Rauch|Christos Vasilopoulos|Russell Means|Anthony Ruivivar</GuestStars>
  <IMDB_ID>tt2313681</IMDB_ID>
  <Language>en</Language>
  <Overview>A recently paroled master thief assumes the identity of Lucas Hood, sheriff-in-waiting of Banshee, Pa. Keeping his history a secret, Lucas befriends boxer-turned-bartender Sugar Bates, and settles into his new life as Banshee’s sheriff. Lucas inadvertently gets tangled up in the rampant corruption of shunned Amish gangster Kai Proctor, while keeping a vigilant eye out for Mr. Rabbit, the New York mob boss who wants revenge against Lucas and former partner and lover Carrie for the jewel heist that landed Lucas in prison.</Overview>
  <ProductionCode></ProductionCode>
  <Rating>7.7</Rating>
  <RatingCount>75</RatingCount>
  <SeasonNumber>1</SeasonNumber>
  <Writer>Jonathan Tropper|David Schickler</Writer>
  <absolute_number>1</absolute_number>
  <filename>episodes/259765/4395226.jpg</filename>
  <lastupdated>1425553103</lastupdated>
  <seasonid>500501</seasonid>
  <seriesid>259765</seriesid>
  <thumb_added></thumb_added>
  <thumb_height>225</thumb_height>
  <thumb_width>400</thumb_width>
</Episode>
<Episode>
  <id>4454974</id>
  <Combined_episodenumber>2.0</Combined_episodenumber>
  <Combined_season>1</Combined_season>
  <DVD_chapter></DVD_chapter>
  <DVD_discid></DVD_discid>
  <DVD_episodenumber>2.0</DVD_episodenumber>
  <DVD_season>1</DVD_season>
  <Director>S. J. Clarkson</Director>
  <EpImgFlag>2</EpImgFlag>
  <EpisodeName>The Rave</EpisodeName>
  <EpisodeNumber>2</EpisodeNumber>
  <FirstAired>2013-01-18</FirstAired>
  <GuestStars>Matthew Rauch|Kristopher Kling|Kay Story|Toby Leonard Moore</GuestStars>
  <IMDB_ID>tt2169286</IMDB_ID>
  <Language>en</Language>
  <Overview>Hanson decides to hold a rave in an Amish barn, selling homemade E pills stolen from Proctor to Banshee youth including Deva, Carrie’s rebellious daughter. Catching wind of the plan, Lucas and his team orchestrate a raid, but the effects of a tainted batch of pills send many revelers into convulsions, with one notable fatality.</Overview>
  <ProductionCode></ProductionCode>
  <Rating>7.5</Rating>
  <RatingCount>62</RatingCount>
  <SeasonNumber>1</SeasonNumber>
  <Writer>Jonathan Tropper|David Schickler</Writer>
  <absolute_number>2</absolute_number>
  <filename>episodes/259765/4454974.jpg</filename>
  <lastupdated>1420862557</lastupdated>
  <seasonid>500501</seasonid>
  <seriesid>259765</seriesid>
  <thumb_added></thumb_added>
  <thumb_height>225</thumb_height>
  <thumb_width>400</thumb_width>
</Episode>
<Episode>
  <id>4454975</id>
  <Combined_episodenumber>3.0</Combined_episodenumber>
  <Combined_season>1</Combined_season>
  <DVD_chapter></DVD_chapter>
  <DVD_discid></DVD_discid>
  <DVD_episodenumber>3.0</DVD_episodenumber>
  <DVD_season>1</DVD_season>
  <Director>Ole Christian Madsen</Director>
  <EpImgFlag>2</EpImgFlag>
  <EpisodeName>Meet the New Boss</EpisodeName>
  <EpisodeNumber>3</EpisodeNumber>
  <FirstAired>2013-01-25</FirstAired>
  <GuestStars>Matthew Rauch|Christos Vasilopoulos|Cedric Stewart|Joseph Gatt|Russell Means|Anthony Ruivivar</GuestStars>
  <IMDB_ID>tt2272320</IMDB_ID>
  <Language>en</Language>
  <Overview>A mixed martial arts title bout is being planned at the local Kinaho Moon Casino, run by tribe leader Benjamin Longshadow and his son. Huge profits are anticipated for Banshee investors, but the enterprise is threatened when the champion angers Lucas.</Overview>
  <ProductionCode></ProductionCode>
  <Rating>7.7</Rating>
  <RatingCount>55</RatingCount>
  <SeasonNumber>1</SeasonNumber>
  <Writer>Jonathan Tropper|David Schickler</Writer>
  <absolute_number>3</absolute_number>
  <filename>episodes/259765/4454975.jpg</filename>
  <lastupdated>1420862593</lastupdated>
  <seasonid>500501</seasonid>
  <seriesid>259765</seriesid>
  <thumb_added></thumb_added>
  <thumb_height>225</thumb_height>
  <thumb_width>400</thumb_width>
</Episode>
<Episode>
  <id>4460467</id>
  <Combined_episodenumber>4.0</Combined_episodenumber>
  <Combined_season>1</Combined_season>
  <DVD_chapter></DVD_chapter>
  <DVD_discid></DVD_discid>
  <DVD_episodenumber>4.0</DVD_episodenumber>
  <DVD_season>1</DVD_season>
  <Director>Greg Yaitanes</Director>
  <EpImgFlag>2</EpImgFlag>
  <EpisodeName>Half Deaf is Better Than All Dead</EpisodeName>
  <EpisodeNumber>4</EpisodeNumber>
  <FirstAired>2013-02-01</FirstAired>
  <GuestStars>Matthew Rauch|Kristopher Kling|Kay Story|Marcus Hester|Jessejames Locorriere|Michael Tourek</GuestStars>
  <IMDB_ID>tt2392675</IMDB_ID>
  <Language>en</Language>
  <Overview>A botched museum heist in Harrisburg has unintended consequences, as Lucas, Carrie and Job renew their partnership. After coercing redneck henchman Arno to offer up incriminating evidence, Lucas and Emmett arrest Proctor for Hanson’s murder, but are detoured on the way to the jail.</Overview>
  <ProductionCode></ProductionCode>
  <Rating>7.7</Rating>
  <RatingCount>62</RatingCount>
  <SeasonNumber>1</SeasonNumber>
  <Writer>Jonathan Tropper|David Schickler</Writer>
  <absolute_number>4</absolute_number>
  <filename>episodes/259765/4460467.jpg</filename>
  <lastupdated>1426538436</lastupdated>
  <seasonid>500501</seasonid>
  <seriesid>259765</seriesid>
  <thumb_added></thumb_added>
  <thumb_height>225</thumb_height>
  <thumb_width>400</thumb_width>
</Episode>
<Episode>
  <id>4460468</id>
  <Combined_episodenumber>5.0</Combined_episodenumber>
  <Combined_season>1</Combined_season>
  <DVD_chapter></DVD_chapter>
  <DVD_discid></DVD_discid>
  <DVD_episodenumber>5.0</DVD_episodenumber>
  <DVD_season>1</DVD_season>
  <Director>|S. J. Clarkson</Director>
  <EpImgFlag>2</EpImgFlag>
  <EpisodeName>The Kindred</EpisodeName>
  <EpisodeNumber>5</EpisodeNumber>
  <FirstAired>2013-02-08</FirstAired>
  <GuestStars>Matthew Rauch|Kay Story|Russell Means|Anthony Ruivivar|Leo Fitzpatrick|Derek Cecil</GuestStars>
  <IMDB_ID>tt2198566</IMDB_ID>
  <Language>en</Language>
  <Overview>A band of marauding bikers crashes the annual Banshee Spirit Festival, with deadly consequences, sparking Lucas and Siobhan to meter out vigilante justice. Burned after losing his key witness against Proctor, Lucas is further dismayed when an FBI agent arrives to monitor the situation. Rebecca Bowman, torn between passion and her Amish roots, finds a kindred spirit in the sheriff.</Overview>
  <ProductionCode></ProductionCode>
  <Rating>7.5</Rating>
  <RatingCount>62</RatingCount>
  <SeasonNumber>1</SeasonNumber>
  <Writer>Jonathan Tropper|David Schickler</Writer>
  <absolute_number>5</absolute_number>
  <filename>episodes/259765/4460468.jpg</filename>
  <lastupdated>1420862737</lastupdated>
  <seasonid>500501</seasonid>
  <seriesid>259765</seriesid>
  <thumb_added></thumb_added>
  <thumb_height>225</thumb_height>
  <thumb_width>400</thumb_width>
</Episode>
<Episode>
  <id>4460469</id>
  <Combined_episodenumber>6.0</Combined_episodenumber>
  <Combined_season>1</Combined_season>
  <DVD_chapter></DVD_chapter>
  <DVD_discid></DVD_discid>
  <DVD_episodenumber>6.0</DVD_episodenumber>
  <DVD_season>1</DVD_season>
  <Director>Ole Christian Madsen</Director>
  <EpImgFlag>2</EpImgFlag>
  <EpisodeName>Wicks</EpisodeName>
  <EpisodeNumber>6</EpisodeNumber>
  <FirstAired>2013-02-15</FirstAired>
  <GuestStars>Matthew Rauch|Christos Vasilopoulos|Russell Means|Anthony Ruivivar|Joseph Gatt|Michael Kostroff|Kay Story|Harrison Thomas|Doug Kruse|Kevin Gage</GuestStars>
  <IMDB_ID>tt2272322</IMDB_ID>
  <Language>en</Language>
  <Overview>An ex-con from Lucas’ past passes through Banshee, triggering memories about the Albino, a brutal insider enlisted by Rabbit to make Lucas’ prison life a living hell. Proctor turns to extortion when a reverend refuses to sell his home to make room for a casino hotel.</Overview>
  <ProductionCode></ProductionCode>
  <Rating>7.7</Rating>
  <RatingCount>58</RatingCount>
  <SeasonNumber>1</SeasonNumber>
  <Writer>Jonathan Tropper|David Schickler</Writer>
  <absolute_number>6</absolute_number>
  <filename>episodes/259765/4460469.jpg</filename>
  <lastupdated>1420862776</lastupdated>
  <seasonid>500501</seasonid>
  <seriesid>259765</seriesid>
  <thumb_added></thumb_added>
  <thumb_height>225</thumb_height>
  <thumb_width>400</thumb_width>
</Episode>
<Episode>
  <id>4460470</id>
  <Combined_episodenumber>7.0</Combined_episodenumber>
  <Combined_season>1</Combined_season>
  <DVD_chapter></DVD_chapter>
  <DVD_discid></DVD_discid>
  <DVD_episodenumber>7.0</DVD_episodenumber>
  <DVD_season>1</DVD_season>
  <Director>Dean White</Director>
  <EpImgFlag>2</EpImgFlag>
  <EpisodeName>Behold a Pale Rider</EpisodeName>
  <EpisodeNumber>7</EpisodeNumber>
  <FirstAired>2013-02-22</FirstAired>
  <GuestStars>Matthew Rauch|Christos Vasilopoulos|Doug Kruse|Kevin Gage|Derek Cecil</GuestStars>
  <IMDB_ID>tt2371798</IMDB_ID>
  <Language>en</Language>
  <Overview>Lucas’ cover is threatened when Carrie decides to give him over to Rabbit in an effort to protect herself and her family. A drug store robbery turns into a full-blown hostage crisis at the high school, with Deva and Mayor Kendall’s wife among those whose lives are imperiled.</Overview>
  <ProductionCode></ProductionCode>
  <Rating>7.7</Rating>
  <RatingCount>46</RatingCount>
  <SeasonNumber>1</SeasonNumber>
  <Writer>David Schickler</Writer>
  <absolute_number>7</absolute_number>
  <filename>episodes/259765/4460470.jpg</filename>
  <lastupdated>1420862815</lastupdated>
  <seasonid>500501</seasonid>
  <seriesid>259765</seriesid>
  <thumb_added></thumb_added>
  <thumb_height>225</thumb_height>
  <thumb_width>400</thumb_width>
</Episode>
<Episode>
  <id>4460471</id>
  <Combined_episodenumber>8.0</Combined_episodenumber>
  <Combined_season>1</Combined_season>
  <DVD_chapter></DVD_chapter>
  <DVD_discid></DVD_discid>
  <DVD_episodenumber>8.0</DVD_episodenumber>
  <DVD_season>1</DVD_season>
  <Director>Greg Yaitanes</Director>
  <EpImgFlag>2</EpImgFlag>
  <EpisodeName>We Shall Live Forever</EpisodeName>
  <EpisodeNumber>8</EpisodeNumber>
  <FirstAired>2013-03-01</FirstAired>
  <GuestStars>Matthew Rauch|Christos Vasilopoulos|Derek Cecil|Anthony Ruivivar|Odette Annable</GuestStars>
  <IMDB_ID>tt2356588</IMDB_ID>
  <Language>en</Language>
  <Overview>Carrie urges Lucas to let go of the past, even as an increasingly suspicious Gordon is hell-bent on uncovering hers. Cast out of her Amish home, Rebecca turns to Proctor to give her a new start in Banshee. A surprise visit from Rabbit’s lieutenant brings back a flood of memories for Carrie. As his family keeps vigil for the ailing Benjamin Longshadow, Alex gets a surprise visit from his sister.</Overview>
  <ProductionCode></ProductionCode>
  <Rating>7.5</Rating>
  <RatingCount>53</RatingCount>
  <SeasonNumber>1</SeasonNumber>
  <Writer>Jonathan Tropper</Writer>
  <absolute_number>8</absolute_number>
  <filename>episodes/259765/4460471.jpg</filename>
  <lastupdated>1420862856</lastupdated>
  <seasonid>500501</seasonid>
  <seriesid>259765</seriesid>
  <thumb_added></thumb_added>
  <thumb_height>225</thumb_height>
  <thumb_width>400</thumb_width>
</Episode>
<Episode>
  <id>4460472</id>
  <Combined_episodenumber>9.0</Combined_episodenumber>
  <Combined_season>1</Combined_season>
  <DVD_chapter></DVD_chapter>
  <DVD_discid></DVD_discid>
  <DVD_episodenumber>9.0</DVD_episodenumber>
  <DVD_season>1</DVD_season>
  <Director>Miguel Sapochnik</Director>
  <EpImgFlag>2</EpImgFlag>
  <EpisodeName>Always the Cowboy</EpisodeName>
  <EpisodeNumber>9</EpisodeNumber>
  <FirstAired>2013-03-08</FirstAired>
  <GuestStars>Christos Vasilopoulos|Odette Annable|Anthony Ruivivar|Derek Cecil</GuestStars>
  <IMDB_ID>tt2372062</IMDB_ID>
  <Language>en</Language>
  <Overview>As Rabbit closes in on Carrie and Lucas, Carrie flees the hospital in a desperate attempt to collect her family and get them out of town. Kai introduces Rebecca to the business world, and sends Lucas a message about fooling around with his niece. Alex Longshadow recruits a Proctor thug with gambling issues to deal with a work-stoppage problem at the casino.</Overview>
  <ProductionCode></ProductionCode>
  <Rating>7.6</Rating>
  <RatingCount>50</RatingCount>
  <SeasonNumber>1</SeasonNumber>
  <Writer>Jonathan Tropper|David Schickler</Writer>
  <absolute_number>9</absolute_number>
  <filename>episodes/259765/4460472.jpg</filename>
  <lastupdated>1420862894</lastupdated>
  <seasonid>500501</seasonid>
  <seriesid>259765</seriesid>
  <thumb_added></thumb_added>
  <thumb_height>225</thumb_height>
  <thumb_width>400</thumb_width>
</Episode>
<Episode>
  <id>4460473</id>
  <Combined_episodenumber>10.0</Combined_episodenumber>
  <Combined_season>1</Combined_season>
  <DVD_chapter></DVD_chapter>
  <DVD_discid></DVD_discid>
  <DVD_episodenumber>10.0</DVD_episodenumber>
  <DVD_season>1</DVD_season>
  <Director>Miguel Sapochnik</Director>
  <EpImgFlag>2</EpImgFlag>
  <EpisodeName>A Mixture of Madness</EpisodeName>
  <EpisodeNumber>10</EpisodeNumber>
  <FirstAired>2013-03-15</FirstAired>
  <GuestStars>Matthew Rauch|Derek Cecil|Anthony Ruivivar|Odette Annable|Anastasia Griffith|Harrison Thomas</GuestStars>
  <IMDB_ID>tt2403698</IMDB_ID>
  <Language>en</Language>
  <Overview>Recalling a series of prison therapy sessions that fueled his hatred of Rabbit, and pressed by Xavier’s insistence that the FBI handle a kidnapping case, Lucas makes a decision that will change the collective fate of Carrie, her family, Sugar, Job and the entire Banshee police force. A special delivery at Alex’s doorstep leads Nola to reconsider her future. Kai teaches Rebecca the power of telecommunications.</Overview>
  <ProductionCode></ProductionCode>
  <Rating>7.8</Rating>
  <RatingCount>46</RatingCount>
  <SeasonNumber>1</SeasonNumber>
  <Writer>Jonathan Tropper|David Schickler</Writer>
  <absolute_number>10</absolute_number>
  <filename>episodes/259765/4460473.jpg</filename>
  <lastupdated>1420862928</lastupdated>
  <seasonid>500501</seasonid>
  <seriesid>259765</seriesid>
  <thumb_added></thumb_added>
  <thumb_height>225</thumb_height>
  <thumb_width>400</thumb_width>
</Episode>
<Episode>
  <id>4525974</id>
  <Combined_episodenumber>1.0</Combined_episodenumber>
  <Combined_season>2</Combined_season>
  <DVD_chapter></DVD_chapter>
  <DVD_discid></DVD_discid>
  <DVD_episodenumber>1.0</DVD_episodenumber>
  <DVD_season>2</DVD_season>
  <Director>|Greg Yaitanes|</Director>
  <EpImgFlag>2</EpImgFlag>
  <EpisodeName>Little Fish</EpisodeName>
  <EpisodeNumber>1</EpisodeNumber>
  <FirstAired>2014-01-10</FirstAired>
  <GuestStars>|Zeljko Ivanek|Julian Sands|Gil Birmingham|Odette Annable|Tatanka Means|Derek Cecil|Gabriel Suttle|Claire Bronson|Maya Gilbert|</GuestStars>
  <IMDB_ID>tt2813706</IMDB_ID>
  <Language>en</Language>
  <Overview>In the aftermath of their bloody shootout with Rabbit, Lucas, Carrie and the Banshee Sheriff's Department are interrogated by the FBI. Proctor sets his sights on persuading Rebecca to return to his care. As Gordon stews over his wife's betrayal, Deva shows off her resourcefulness.</Overview>
  <ProductionCode></ProductionCode>
  <Rating>7.8</Rating>
  <RatingCount>40</RatingCount>
  <SeasonNumber>2</SeasonNumber>
  <Writer>|Jonathan Tropper|</Writer>
  <absolute_number>11</absolute_number>
  <filename>episodes/259765/4525974.jpg</filename>
  <lastupdated>1428933187</lastupdated>
  <seasonid>511373</seasonid>
  <seriesid>259765</seriesid>
  <thumb_added>2014-01-11 06:50:19</thumb_added>
  <thumb_height>225</thumb_height>
  <thumb_width>400</thumb_width>
</Episode>
<Episode>
  <id>4528968</id>
  <Combined_episodenumber>2.0</Combined_episodenumber>
  <Combined_season>2</Combined_season>
  <DVD_chapter></DVD_chapter>
  <DVD_discid></DVD_discid>
  <DVD_episodenumber>2.0</DVD_episodenumber>
  <DVD_season>2</DVD_season>
  <Director>|Greg Yaitanes|</Director>
  <EpImgFlag>2</EpImgFlag>
  <EpisodeName>The Thunder Man</EpisodeName>
  <EpisodeNumber>2</EpisodeNumber>
  <FirstAired>2014-01-17</FirstAired>
  <GuestStars>|Gil Birmingham|Peter Scanavino|Odette Annable|Matthew Rauch|Maya Gilbert|Tatanka Means|Afton Williamson|</GuestStars>
  <IMDB_ID>tt2813708</IMDB_ID>
  <Language>en</Language>
  <Overview>Spurned by Deva and Gordon, Carrie is forced to take up a new residence. With his leadership abilities questioned, Alex ramps up his efforts to recover the money stolen in the casino heist. Siobhan relives a nightmare when her ex-husband shows up looking to reconnect. Lucas is asked to return Proctor's favor.</Overview>
  <ProductionCode></ProductionCode>
  <Rating>8.0</Rating>
  <RatingCount>38</RatingCount>
  <SeasonNumber>2</SeasonNumber>
  <Writer>|David Schickler|</Writer>
  <absolute_number>12</absolute_number>
  <filename>episodes/259765/4528968.jpg</filename>
  <lastupdated>1427729785</lastupdated>
  <seasonid>511373</seasonid>
  <seriesid>259765</seriesid>
  <thumb_added>2014-01-18 10:48:42</thumb_added>
  <thumb_height>225</thumb_height>
  <thumb_width>400</thumb_width>
</Episode>
<Episode>
  <id>4551380</id>
  <Combined_episodenumber>3.0</Combined_episodenumber>
  <Combined_season>2</Combined_season>
  <DVD_chapter></DVD_chapter>
  <DVD_discid></DVD_discid>
  <DVD_episodenumber>3.0</DVD_episodenumber>
  <DVD_season>2</DVD_season>
  <Director>|Ole Christian Madsen|</Director>
  <EpImgFlag>2</EpImgFlag>
  <EpisodeName>The Warrior Class</EpisodeName>
  <EpisodeNumber>3</EpisodeNumber>
  <FirstAired>2014-01-24</FirstAired>
  <GuestStars>|Geno Segers|Olafur Darri Olafsson|Odette Annable|Harrison Thomas|Matthew Rauch|Tatanka Means|Afton Williamson|Amber Midthunder|</GuestStars>
  <IMDB_ID>tt2861116</IMDB_ID>
  <Language>en</Language>
  <Overview>A shocking murder near an Amish farm fractures relations between the Kinaho tribe and the Amish, who are forced to rely on Proctor to fend off a vengeful mob. Investigating the crime on Kinaho turf, Lucas and his deputies find themselves confronted by uncooperative gang members and their imposing leader. Carrie welcomes an unexpected visitor, and Lucas deals with the sudden appearance of a most unwelcome one.</Overview>
  <ProductionCode></ProductionCode>
  <Rating>7.8</Rating>
  <RatingCount>45</RatingCount>
  <SeasonNumber>2</SeasonNumber>
  <Writer>|Evan Dunsky|</Writer>
  <absolute_number>13</absolute_number>
  <filename>episodes/259765/4551380.jpg</filename>
  <lastupdated>1427729913</lastupdated>
  <seasonid>511373</seasonid>
  <seriesid>259765</seriesid>
  <thumb_added>2014-01-19 07:37:18</thumb_added>
  <thumb_height>225</thumb_height>
  <thumb_width>400</thumb_width>
</Episode>
<Episode>
  <id>4569890</id>
  <Combined_episodenumber>4.0</Combined_episodenumber>
  <Combined_season>2</Combined_season>
  <DVD_chapter></DVD_chapter>
  <DVD_discid></DVD_discid>
  <DVD_episodenumber>4.0</DVD_episodenumber>
  <DVD_season>2</DVD_season>
  <Director>|Ole Christian Madsen|</Director>
  <EpImgFlag>2</EpImgFlag>
  <EpisodeName>Bloodlines</EpisodeName>
  <EpisodeNumber>4</EpisodeNumber>
  <FirstAired>2014-01-31</FirstAired>
  <GuestStars>|Gil Birmingham|Geno Segers|Olafur Darri Olafsson|Odette Annable|Harrison Thomas|Matthew Rauch|Tatanka Means|Afton Williamson|Amber Midthunder|Conor Donovan|Gabriel Suttle|</GuestStars>
  <IMDB_ID>tt2928310</IMDB_ID>
  <Language>en</Language>
  <Overview>Following a lead, Lucas visits a strict Amish school teacher who might have insights into the murder of a Kinaho tribe member and the disappearance of Solomon Bowman. Emmett and Siobhan find transferring a prisoner more difficult than expected. Rebecca copes with the pain of her parents' rejection. Proctor offers Alex a peace offering. Nola delivers a final blow for justice. </Overview>
  <ProductionCode></ProductionCode>
  <Rating>7.8</Rating>
  <RatingCount>37</RatingCount>
  <SeasonNumber>2</SeasonNumber>
  <Writer>|Evan Dunsky|</Writer>
  <absolute_number>14</absolute_number>
  <filename>episodes/259765/4569890.jpg</filename>
  <lastupdated>1427729904</lastupdated>
  <seasonid>511373</seasonid>
  <seriesid>259765</seriesid>
  <thumb_added>2014-01-31 23:08:46</thumb_added>
  <thumb_height>225</thumb_height>
  <thumb_width>400</thumb_width>
</Episode>
<Episode>
  <id>4569891</id>
  <Combined_episodenumber>5.0</Combined_episodenumber>
  <Combined_season>2</Combined_season>
  <DVD_chapter></DVD_chapter>
  <DVD_discid></DVD_discid>
  <DVD_episodenumber>5.0</DVD_episodenumber>
  <DVD_season>2</DVD_season>
  <Director>|Babak Najafi|</Director>
  <EpImgFlag>2</EpImgFlag>
  <EpisodeName>The Truth About Unicorns</EpisodeName>
  <EpisodeNumber>5</EpisodeNumber>
  <FirstAired>2014-02-07</FirstAired>
  <GuestStars>|Zeljko Ivanek|Lyne Renée|</GuestStars>
  <IMDB_ID>tt2928336</IMDB_ID>
  <Language>en</Language>
  <Overview>Lucas considers moving on after he and Carrie take a detour on their drive back to Banshee. Racine recalls the botched case against Rabbit that has haunted him for years.
</Overview>
  <ProductionCode></ProductionCode>
  <Rating>7.1</Rating>
  <RatingCount>38</RatingCount>
  <SeasonNumber>2</SeasonNumber>
  <Writer>|John Romano|</Writer>
  <absolute_number>15</absolute_number>
  <filename>episodes/259765/4569891.jpg</filename>
  <lastupdated>1427729894</lastupdated>
  <seasonid>511373</seasonid>
  <seriesid>259765</seriesid>
  <thumb_added>2014-01-31 23:05:45</thumb_added>
  <thumb_height>225</thumb_height>
  <thumb_width>400</thumb_width>
</Episode>
<Episode>
  <id>4579738</id>
  <Combined_episodenumber>6.0</Combined_episodenumber>
  <Combined_season>2</Combined_season>
  <DVD_chapter></DVD_chapter>
  <DVD_discid></DVD_discid>
  <DVD_episodenumber>6.0</DVD_episodenumber>
  <DVD_season>2</DVD_season>
  <Director>|Babak Najafi|</Director>
  <EpImgFlag>2</EpImgFlag>
  <EpisodeName>Armies of One</EpisodeName>
  <EpisodeNumber>6</EpisodeNumber>
  <FirstAired>2014-02-14</FirstAired>
  <GuestStars>|Andrew Howard|Harrison Thomas|Matthew Rauch|Maya Gilbert|Gabriel Suttle|</GuestStars>
  <IMDB_ID>tt2928312</IMDB_ID>
  <Language>en</Language>
  <Overview>When Jason’s past catches up to him, Lucas decides to make a deal to save the boy’s life, and maybe his own. In the absence of Carrie, Gordon and Deva’s lives spin out of control. Proctor teaches Rebecca a hard lesson in allegiance.</Overview>
  <ProductionCode></ProductionCode>
  <Rating>7.7</Rating>
  <RatingCount>35</RatingCount>
  <SeasonNumber>2</SeasonNumber>
  <Writer>|John Romano|</Writer>
  <absolute_number>16</absolute_number>
  <filename>episodes/259765/4579738.jpg</filename>
  <lastupdated>1427729885</lastupdated>
  <seasonid>511373</seasonid>
  <seriesid>259765</seriesid>
  <thumb_added>2014-02-15 08:42:01</thumb_added>
  <thumb_height>225</thumb_height>
  <thumb_width>400</thumb_width>
</Episode>
<Episode>
  <id>4592190</id>
  <Combined_episodenumber>7.0</Combined_episodenumber>
  <Combined_season>2</Combined_season>
  <DVD_chapter></DVD_chapter>
  <DVD_discid></DVD_discid>
  <DVD_episodenumber>7.0</DVD_episodenumber>
  <DVD_season>2</DVD_season>
  <Director>|Loni Peristere|</Director>
  <EpImgFlag>2</EpImgFlag>
  <EpisodeName>Ways to Bury a Man</EpisodeName>
  <EpisodeNumber>7</EpisodeNumber>
  <FirstAired>2014-02-21</FirstAired>
  <GuestStars>|Gil Birmingham|Matthew Rauch|Maya Gilbert|Joseph Sikora|Gabriel Suttle|</GuestStars>
  <IMDB_ID>tt2928338</IMDB_ID>
  <Language>en</Language>
  <Overview>Lucas attempts to bring down Proctor's ecstasy operation by rattling the regulars and dancers at the Savoy strip club. Carrie, Deva and Gordon unite over a family crisis. Alex receives a no-confidence vote at tribal council. Job exhibits an explosive side.</Overview>
  <ProductionCode></ProductionCode>
  <Rating>7.7</Rating>
  <RatingCount>31</RatingCount>
  <SeasonNumber>2</SeasonNumber>
  <Writer>|Doug Jung|</Writer>
  <absolute_number>17</absolute_number>
  <filename>episodes/259765/4592190.jpg</filename>
  <lastupdated>1427729870</lastupdated>
  <seasonid>511373</seasonid>
  <seriesid>259765</seriesid>
  <thumb_added>2014-02-15 08:51:31</thumb_added>
  <thumb_height>225</thumb_height>
  <thumb_width>400</thumb_width>
</Episode>
<Episode>
  <id>4592191</id>
  <Combined_episodenumber>8.0</Combined_episodenumber>
  <Combined_season>2</Combined_season>
  <DVD_chapter></DVD_chapter>
  <DVD_discid></DVD_discid>
  <DVD_episodenumber>8.0</DVD_episodenumber>
  <DVD_season>2</DVD_season>
  <Director>|Loni Peristere|</Director>
  <EpImgFlag>2</EpImgFlag>
  <EpisodeName>Evil for Evil</EpisodeName>
  <EpisodeNumber>8</EpisodeNumber>
  <FirstAired>2014-02-28</FirstAired>
  <GuestStars>|Maya Gilbert|Joseph Sikora|Afton Williamson|Matthew Rauch|Gabriel Suttle|</GuestStars>
  <IMDB_ID>tt2928324</IMDB_ID>
  <Language>en</Language>
  <Overview>An illegal search warrant helps Lucas bust Proctor, but at a cost. Sharp and his skinheads look for payback against Emmett, testing the limits of the deputy’s patience. Carrie provides the cash for Max’s treatments and takes a small step towards thawing out her relationship with Gordon and Deva. Job finally gets a lead on Rabbit.</Overview>
  <ProductionCode></ProductionCode>
  <Rating>7.8</Rating>
  <RatingCount>35</RatingCount>
  <SeasonNumber>2</SeasonNumber>
  <Writer>|Doug Jung|</Writer>
  <absolute_number>18</absolute_number>
  <filename>episodes/259765/4592191.jpg</filename>
  <lastupdated>1427729857</lastupdated>
  <seasonid>511373</seasonid>
  <seriesid>259765</seriesid>
  <thumb_added>2014-02-23 02:53:08</thumb_added>
  <thumb_height>225</thumb_height>
  <thumb_width>400</thumb_width>
</Episode>
<Episode>
  <id>4611215</id>
  <Combined_episodenumber>9.0</Combined_episodenumber>
  <Combined_season>2</Combined_season>
  <DVD_chapter></DVD_chapter>
  <DVD_discid></DVD_discid>
  <DVD_episodenumber>9.0</DVD_episodenumber>
  <DVD_season>2</DVD_season>
  <Director>|Greg Yaitanes|</Director>
  <EpImgFlag>2</EpImgFlag>
  <EpisodeName>Homecoming</EpisodeName>
  <EpisodeNumber>9</EpisodeNumber>
  <FirstAired>2014-03-07</FirstAired>
  <GuestStars>|Julian Sands|Gil Birmingham|Reg E. Cathey|Joseph Sikora|Matthew Rauch|Maya Gilbert|Gabriel Suttle|</GuestStars>
  <IMDB_ID>tt3053838</IMDB_ID>
  <Language>en</Language>
  <Overview>In New York, Job drops in on a priest with ties to Rabbit, taking a hit for his troubles. Carrie's relationship with Gordon faces a new test in the wake of another revelation. Burton silences one traitor, but another eludes him. Alex vows to deliver evidence to keep Proctor behind bars. Emmett moves on, while Brock looks to move up. Lucas and Carrie brace for an epic showdown, as does an NYPD captain with ties to their past. 
</Overview>
  <ProductionCode></ProductionCode>
  <Rating>7.7</Rating>
  <RatingCount>32</RatingCount>
  <SeasonNumber>2</SeasonNumber>
  <Writer>|Jonathan Tropper|</Writer>
  <absolute_number>19</absolute_number>
  <filename>episodes/259765/4611215.jpg</filename>
  <lastupdated>1427729847</lastupdated>
  <seasonid>511373</seasonid>
  <seriesid>259765</seriesid>
  <thumb_added>2014-03-02 07:17:05</thumb_added>
  <thumb_height>225</thumb_height>
  <thumb_width>400</thumb_width>
</Episode>
<Episode>
  <id>4645594</id>
  <Combined_episodenumber>10.0</Combined_episodenumber>
  <Combined_season>2</Combined_season>
  <DVD_chapter></DVD_chapter>
  <DVD_discid></DVD_discid>
  <DVD_episodenumber>10.0</DVD_episodenumber>
  <DVD_season>2</DVD_season>
  <Director>|Greg Yaitanes|</Director>
  <EpImgFlag>2</EpImgFlag>
  <EpisodeName>Bullets and Tears</EpisodeName>
  <EpisodeNumber>10</EpisodeNumber>
  <FirstAired>2014-03-14</FirstAired>
  <GuestStars>|Zeljko Ivanek|Julian Sands|Reg E. Cathey|Christos Vasilopoulos|Joseph Gatt|Geno Segers|Eddie Cooper|Gregory Korostishevsky|Stephanie Northrup|</GuestStars>
  <IMDB_ID>tt3053842</IMDB_ID>
  <Language>en</Language>
  <Overview>Fueled by painful memories that led them to the point of no return, Lucas and Carrie steel themselves for the fight of their lives against a vengeful Rabbit and his ruthless soldiers. Rebecca proves her allegiance as Proctor returns home.</Overview>
  <ProductionCode></ProductionCode>
  <Rating>7.9</Rating>
  <RatingCount>36</RatingCount>
  <SeasonNumber>2</SeasonNumber>
  <Writer>|Jonathan Tropper|</Writer>
  <absolute_number>20</absolute_number>
  <filename>episodes/259765/4645594.jpg</filename>
  <lastupdated>1427729837</lastupdated>
  <seasonid>511373</seasonid>
  <seriesid>259765</seriesid>
  <thumb_added>2014-03-08 12:19:34</thumb_added>
  <thumb_height>225</thumb_height>
  <thumb_width>400</thumb_width>
</Episode>
<Episode>
  <id>4838167</id>
  <Combined_episodenumber>1</Combined_episodenumber>
  <Combined_season>3</Combined_season>
  <DVD_chapter></DVD_chapter>
  <DVD_discid></DVD_discid>
  <DVD_episodenumber></DVD_episodenumber>
  <DVD_season></DVD_season>
  <Director>|Loni Peristere|</Director>
  <EpImgFlag>2</EpImgFlag>
  <EpisodeName>The Fire Trials</EpisodeName>
  <EpisodeNumber>1</EpisodeNumber>
  <FirstAired>2015-01-09</FirstAired>
  <GuestStars></GuestStars>
  <IMDB_ID>tt3673440</IMDB_ID>
  <Language>en</Language>
  <Overview>Carrie faces a backlash in the wake of her revelation about her past. Lucas faces a new threat.</Overview>
  <ProductionCode></ProductionCode>
  <Rating>7.9</Rating>
  <RatingCount>13</RatingCount>
  <SeasonNumber>3</SeasonNumber>
  <Writer>|Jonathan Tropper|</Writer>
  <absolute_number>21</absolute_number>
  <filename>episodes/259765/4838167.jpg</filename>
  <lastupdated>1428714739</lastupdated>
  <seasonid>576787</seasonid>
  <seriesid>259765</seriesid>
  <thumb_added>2015-01-06 10:53:41</thumb_added>
  <thumb_height>225</thumb_height>
  <thumb_width>400</thumb_width>
</Episode>
<Episode>
  <id>4798567</id>
  <Combined_episodenumber>2</Combined_episodenumber>
  <Combined_season>3</Combined_season>
  <DVD_chapter></DVD_chapter>
  <DVD_discid></DVD_discid>
  <DVD_episodenumber></DVD_episodenumber>
  <DVD_season></DVD_season>
  <Director>|Loni Peristere|</Director>
  <EpImgFlag>2</EpImgFlag>
  <EpisodeName>Snakes and Whatnot</EpisodeName>
  <EpisodeNumber>2</EpisodeNumber>
  <FirstAired>2015-01-16</FirstAired>
  <GuestStars></GuestStars>
  <IMDB_ID>tt3676808</IMDB_ID>
  <Language>en</Language>
  <Overview>Nola returns to Banshee. Proctor's mother ails from a disease. Carrie must choose between the heist and her relationship with Colonel Douglas Stowe.</Overview>
  <ProductionCode></ProductionCode>
  <Rating>7.9</Rating>
  <RatingCount>14</RatingCount>
  <SeasonNumber>3</SeasonNumber>
  <Writer>|Halley Gross|</Writer>
  <absolute_number>22</absolute_number>
  <filename>episodes/259765/4798567.jpg</filename>
  <lastupdated>1428714758</lastupdated>
  <seasonid>576787</seasonid>
  <seriesid>259765</seriesid>
  <thumb_added>2015-01-16 14:51:24</thumb_added>
  <thumb_height>225</thumb_height>
  <thumb_width>400</thumb_width>
</Episode>
<Episode>
  <id>4856936</id>
  <Combined_episodenumber>3</Combined_episodenumber>
  <Combined_season>3</Combined_season>
  <DVD_chapter></DVD_chapter>
  <DVD_discid></DVD_discid>
  <DVD_episodenumber></DVD_episodenumber>
  <DVD_season></DVD_season>
  <Director>|Magnus Martens|</Director>
  <EpImgFlag>2</EpImgFlag>
  <EpisodeName>A Fixer of Sorts</EpisodeName>
  <EpisodeNumber>3</EpisodeNumber>
  <FirstAired>2015-01-23</FirstAired>
  <GuestStars></GuestStars>
  <IMDB_ID>tt3842946</IMDB_ID>
  <Language>en</Language>
  <Overview>Lucas' secret is threatened. Tommy Littlstone organizes a second strike against Proctor.</Overview>
  <ProductionCode></ProductionCode>
  <Rating>8.2</Rating>
  <RatingCount>15</RatingCount>
  <SeasonNumber>3</SeasonNumber>
  <Writer>|Justin Britt-Gibson|</Writer>
  <absolute_number>23</absolute_number>
  <filename>episodes/259765/4856936.jpg</filename>
  <lastupdated>1428714775</lastupdated>
  <seasonid>576787</seasonid>
  <seriesid>259765</seriesid>
  <thumb_added>2015-01-23 15:42:59</thumb_added>
  <thumb_height>225</thumb_height>
  <thumb_width>400</thumb_width>
</Episode>
<Episode>
  <id>4856937</id>
  <Combined_episodenumber>4</Combined_episodenumber>
  <Combined_season>3</Combined_season>
  <DVD_chapter></DVD_chapter>
  <DVD_discid></DVD_discid>
  <DVD_episodenumber></DVD_episodenumber>
  <DVD_season></DVD_season>
  <Director>|Magnus Martens|</Director>
  <EpImgFlag>2</EpImgFlag>
  <EpisodeName>Real Life is the Nightmare</EpisodeName>
  <EpisodeNumber>4</EpisodeNumber>
  <FirstAired>2015-01-30</FirstAired>
  <GuestStars></GuestStars>
  <IMDB_ID>tt3860480</IMDB_ID>
  <Language>en</Language>
  <Overview>Siobhan is torn between exposing Lucas and keeping his secret. Chayton readies his army.</Overview>
  <ProductionCode></ProductionCode>
  <Rating>8.3</Rating>
  <RatingCount>13</RatingCount>
  <SeasonNumber>3</SeasonNumber>
  <Writer>|Justin Britt-Gibson|</Writer>
  <absolute_number>24</absolute_number>
  <filename>episodes/259765/4856937.jpg</filename>
  <lastupdated>1428714796</lastupdated>
  <seasonid>576787</seasonid>
  <seriesid>259765</seriesid>
  <thumb_added>2015-01-31 06:28:10</thumb_added>
  <thumb_height>225</thumb_height>
  <thumb_width>400</thumb_width>
</Episode>
<Episode>
  <id>4874873</id>
  <Combined_episodenumber>5</Combined_episodenumber>
  <Combined_season>3</Combined_season>
  <DVD_chapter></DVD_chapter>
  <DVD_discid></DVD_discid>
  <DVD_episodenumber></DVD_episodenumber>
  <DVD_season></DVD_season>
  <Director>|Ole Christian Madsen|</Director>
  <EpImgFlag>2</EpImgFlag>
  <EpisodeName>Tribal</EpisodeName>
  <EpisodeNumber>5</EpisodeNumber>
  <FirstAired>2015-02-06</FirstAired>
  <GuestStars></GuestStars>
  <IMDB_ID>tt3842948</IMDB_ID>
  <Language>en</Language>
  <Overview>All hell breaks loose as Chayton and an army of Redbones invade Banshee, looking to avenge Tommy’s death. Holed up in the Cadi with Lucas and his deputies, Proctor is frustrated by his inability to attend to his ailing mother at home. As the assault reaches a fever pitch, Bunker tries to prove to Medding that he’s not the man he used to be.</Overview>
  <ProductionCode></ProductionCode>
  <Rating>8.4</Rating>
  <RatingCount>13</RatingCount>
  <SeasonNumber>3</SeasonNumber>
  <Writer>|Adam Targum|</Writer>
  <absolute_number>25</absolute_number>
  <filename>episodes/259765/4874873.jpg</filename>
  <lastupdated>1428714812</lastupdated>
  <seasonid>576787</seasonid>
  <seriesid>259765</seriesid>
  <thumb_added>2015-02-06 12:36:55</thumb_added>
  <thumb_height>225</thumb_height>
  <thumb_width>400</thumb_width>
</Episode>
<Episode>
  <id>4877238</id>
  <Combined_episodenumber>6</Combined_episodenumber>
  <Combined_season>3</Combined_season>
  <DVD_chapter></DVD_chapter>
  <DVD_discid></DVD_discid>
  <DVD_episodenumber></DVD_episodenumber>
  <DVD_season></DVD_season>
  <Director>|Ole Christian Madsen|</Director>
  <EpImgFlag>2</EpImgFlag>
  <EpisodeName>We Were All Someone Else Yesterday</EpisodeName>
  <EpisodeNumber>6</EpisodeNumber>
  <FirstAired>2015-02-13</FirstAired>
  <GuestStars></GuestStars>
  <IMDB_ID>tt3860506</IMDB_ID>
  <Language>en</Language>
  <Overview>Reduced to the status of observer as the FBI plans a raid on the Redbone wilderness compound, Lucas decides to take matters into his own hands in his pursuit of Chayton. Still stung by Proctor’s rebuke over her initiative in dealing with the Black Beards, Rebecca is further chagrined to learn of her uncle’s burgeoning romance with Emily. Deva is drawn to a handsome stranger.</Overview>
  <ProductionCode></ProductionCode>
  <Rating>8.0</Rating>
  <RatingCount>12</RatingCount>
  <SeasonNumber>3</SeasonNumber>
  <Writer>|Adam Targum|</Writer>
  <absolute_number>26</absolute_number>
  <filename>episodes/259765/4877238.jpg</filename>
  <lastupdated>1428714830</lastupdated>
  <seasonid>576787</seasonid>
  <seriesid>259765</seriesid>
  <thumb_added>2015-02-12 16:57:49</thumb_added>
  <thumb_height>225</thumb_height>
  <thumb_width>400</thumb_width>
</Episode>
<Episode>
  <id>4927872</id>
  <Combined_episodenumber>7</Combined_episodenumber>
  <Combined_season>3</Combined_season>
  <DVD_chapter></DVD_chapter>
  <DVD_discid></DVD_discid>
  <DVD_episodenumber></DVD_episodenumber>
  <DVD_season></DVD_season>
  <Director>|Greg Yaitanes|</Director>
  <EpImgFlag>2</EpImgFlag>
  <EpisodeName>You Can't Hide From the Dead</EpisodeName>
  <EpisodeNumber>7</EpisodeNumber>
  <FirstAired>2015-02-20</FirstAired>
  <GuestStars></GuestStars>
  <IMDB_ID>tt3908124</IMDB_ID>
  <Language>en</Language>
  <Overview>Despite Job’s reservations, Lucas and his team pull off a daring heist at Camp Genoa. Lucas and Chayton are haunted by their recent deadly encounter. Calling a truce, Gordon and Carrie attempt an unusual intervention with Deva. Unbeknownst to her uncle, Rebecca heads to Philly to work out a deal with a spurned Proctor client.</Overview>
  <ProductionCode></ProductionCode>
  <Rating>7.8</Rating>
  <RatingCount>15</RatingCount>
  <SeasonNumber>3</SeasonNumber>
  <Writer>|Chris Kelley|</Writer>
  <absolute_number>27</absolute_number>
  <filename>episodes/259765/4927872.jpg</filename>
  <lastupdated>1428714849</lastupdated>
  <seasonid>576787</seasonid>
  <seriesid>259765</seriesid>
  <thumb_added>2015-02-20 13:52:30</thumb_added>
  <thumb_height>225</thumb_height>
  <thumb_width>400</thumb_width>
</Episode>
<Episode>
  <id>4933381</id>
  <Combined_episodenumber>8</Combined_episodenumber>
  <Combined_season>3</Combined_season>
  <DVD_chapter></DVD_chapter>
  <DVD_discid></DVD_discid>
  <DVD_episodenumber></DVD_episodenumber>
  <DVD_season></DVD_season>
  <Director>|Greg Yaitanes|</Director>
  <EpImgFlag>2</EpImgFlag>
  <EpisodeName>All the Wisdom I Got Left</EpisodeName>
  <EpisodeNumber>8</EpisodeNumber>
  <FirstAired>2015-02-27</FirstAired>
  <GuestStars></GuestStars>
  <IMDB_ID>tt3908126</IMDB_ID>
  <Language>en</Language>
  <Overview>Lucas and Brock head to Louisiana and the infamous Underground fight club in search of Chayton. Stowe pieces together details about the Camp Genoa heist, and who might be responsible. Burton’s torment turns to resolve. Sugar looks to repay an old boxing debt. Rebecca’s initiatives put Proctor and Emily in harm’s way.</Overview>
  <ProductionCode></ProductionCode>
  <Rating>8.2</Rating>
  <RatingCount>13</RatingCount>
  <SeasonNumber>3</SeasonNumber>
  <Writer>|Chris Kelley|</Writer>
  <absolute_number>28</absolute_number>
  <filename>episodes/259765/4933381.jpg</filename>
  <lastupdated>1428714872</lastupdated>
  <seasonid>576787</seasonid>
  <seriesid>259765</seriesid>
  <thumb_added>2015-02-28 12:46:16</thumb_added>
  <thumb_height>225</thumb_height>
  <thumb_width>400</thumb_width>
</Episode>
<Episode>
  <id>5097912</id>
  <Combined_episodenumber>9</Combined_episodenumber>
  <Combined_season>3</Combined_season>
  <DVD_chapter></DVD_chapter>
  <DVD_discid></DVD_discid>
  <DVD_episodenumber></DVD_episodenumber>
  <DVD_season></DVD_season>
  <Director>|Loni Peristere|</Director>
  <EpImgFlag>2</EpImgFlag>
  <EpisodeName>Even God Doesn’t Know What to Make of You</EpisodeName>
  <EpisodeNumber>9</EpisodeNumber>
  <FirstAired>2015-03-06</FirstAired>
  <GuestStars></GuestStars>
  <IMDB_ID>tt4086612</IMDB_ID>
  <Language>en</Language>
  <Overview>Lucas recalls the history of his friendship with Job, while pondering the future – if there indeed will be one. Proctor and Emily pay the price for Rebecca’s recklessness. Carrie and Gordon pick up the pieces of their shattered relationship. Stowe and Leo land a big fish. Bunker reconnects with his skinhead past. Deva gets a lesson about crime and punishment.</Overview>
  <ProductionCode></ProductionCode>
  <Rating>8.4</Rating>
  <RatingCount>13</RatingCount>
  <SeasonNumber>3</SeasonNumber>
  <Writer>|Jennifer Ames|Steve Turner|</Writer>
  <absolute_number>29</absolute_number>
  <filename>episodes/259765/5097912.jpg</filename>
  <lastupdated>1428714645</lastupdated>
  <seasonid>576787</seasonid>
  <seriesid>259765</seriesid>
  <thumb_added>2015-02-12 13:32:00</thumb_added>
  <thumb_height>225</thumb_height>
  <thumb_width>400</thumb_width>
</Episode>
<Episode>
  <id>5097913</id>
  <Combined_episodenumber>10</Combined_episodenumber>
  <Combined_season>3</Combined_season>
  <DVD_chapter></DVD_chapter>
  <DVD_discid></DVD_discid>
  <DVD_episodenumber></DVD_episodenumber>
  <DVD_season></DVD_season>
  <Director>|Loni Peristere|</Director>
  <EpImgFlag>2</EpImgFlag>
  <EpisodeName>We All Pay Eventually</EpisodeName>
  <EpisodeNumber>10</EpisodeNumber>
  <FirstAired>2015-03-13</FirstAired>
  <GuestStars></GuestStars>
  <IMDB_ID>tt4086614</IMDB_ID>
  <Language>en</Language>
  <Overview>Lucas recalls a furtive chapter in his life and a fan of Job's work offers him special treatment. Later, Lucas is surprised when Gordon joins him for final negotiations with Stowe in Genoa, and Proctor and Rebecca pick up a new ally as they depart for Philadelphia to settle a score.</Overview>
  <ProductionCode></ProductionCode>
  <Rating>8.5</Rating>
  <RatingCount>15</RatingCount>
  <SeasonNumber>3</SeasonNumber>
  <Writer>|Jennifer Ames|Steve Turner|</Writer>
  <absolute_number>30</absolute_number>
  <filename>episodes/259765/5097913.jpg</filename>
  <lastupdated>1428714683</lastupdated>
  <seasonid>576787</seasonid>
  <seriesid>259765</seriesid>
  <thumb_added>2015-03-09 15:04:43</thumb_added>
  <thumb_height>225</thumb_height>
  <thumb_width>400</thumb_width>
</Episode>
</Data>